event_id,cap,stato_estero
SEND_ANALOG_DOMICILE.IUN_GYKD-MQDL-GRMW-202307-A-1.RECINDEX_0.ATTEMPT_0,20041,NA
SEND_ANALOG_DOMICILE.IUN_EHQD-EPLY-GUKR-202307-W-1.RECINDEX_0.ATTEMPT_0,61037,NA
SEND_ANALOG_DOMICILE.IUN_PRZH-WLYH-URTE-202307-X-1.RECINDEX_0.ATTEMPT_0,90145,NA
SEND_ANALOG_DOMICILE.IUN_PEAZ-LEPD-EULQ-202307-Q-1.RECINDEX_0.ATTEMPT_0,20070,NA
SEND_ANALOG_DOMICILE.IUN_WVQV-HLZG-JHJK-202307-W-1.RECINDEX_0.ATTEMPT_0,35043,NA
SEND_ANALOG_DOMICILE.IUN_JQXN-NWRT-PDUX-202307-A-1.RECINDEX_0.ATTEMPT_0,20016,NA
SEND_ANALOG_DOMICILE.IUN_JQXN-NWRT-PDUX-202307-A-1.RECINDEX_0.ATTEMPT_1,20016,NA
SEND_ANALOG_DOMICILE.IUN_XDXY-GKYQ-KLKL-202307-G-1.RECINDEX_0.ATTEMPT_0,20067,NA
SEND_ANALOG_DOMICILE.IUN_XDXY-GKYQ-KLKL-202307-G-1.RECINDEX_0.ATTEMPT_1,19032,NA
SEND_ANALOG_DOMICILE.IUN_JNQR-MATL-RZQN-202307-E-1.RECINDEX_0.ATTEMPT_0,70024,NA
SEND_ANALOG_DOMICILE.IUN_JYJM-RKRD-YRMY-202307-N-1.RECINDEX_0.ATTEMPT_0,26856,NA
SEND_ANALOG_DOMICILE.IUN_QAMK-EUWA-JZKL-202307-A-1.RECINDEX_0.ATTEMPT_0,80046,NA
SEND_ANALOG_DOMICILE.IUN_EVDP-WJMA-MNWE-202307-Y-1.RECINDEX_0.ATTEMPT_0,47922,NA
SEND_ANALOG_DOMICILE.IUN_QZXH-JWYZ-RQUX-202307-N-1.RECINDEX_0.ATTEMPT_0,20831,NA
SEND_ANALOG_DOMICILE.IUN_LNXV-VDTN-MVEH-202307-D-1.RECINDEX_0.ATTEMPT_0,30031,ITALIA
SEND_ANALOG_DOMICILE.IUN_RGHP-ZAPM-YQMP-202307-Z-1.RECINDEX_0.ATTEMPT_0,95045,NA
SEND_ANALOG_DOMICILE.IUN_LXQL-KNGN-KRTK-202307-R-1.RECINDEX_0.ATTEMPT_0,47924,NA
SEND_ANALOG_DOMICILE.IUN_QEXM-NJKZ-QMNR-202307-G-1.RECINDEX_0.ATTEMPT_0,31015,NA
SEND_ANALOG_DOMICILE.IUN_QEXM-NJKZ-QMNR-202307-G-1.RECINDEX_0.ATTEMPT_1,34123,GERMANIA
SEND_ANALOG_DOMICILE.IUN_UKMP-URDE-MYKL-202307-R-1.RECINDEX_0.ATTEMPT_0,47921,NA
SEND_ANALOG_DOMICILE.IUN_DNYV-KTZX-XTRW-202307-E-1.RECINDEX_0.ATTEMPT_0,20016,NA
SEND_ANALOG_DOMICILE.IUN_DNYV-KTZX-XTRW-202307-E-1.RECINDEX_0.ATTEMPT_1,20016,NA
SEND_ANALOG_DOMICILE.IUN_HXPV-HUGK-TYZD-202307-P-1.RECINDEX_0.ATTEMPT_0,47921,NA
SEND_ANALOG_DOMICILE.IUN_UNYJ-RYRX-JALH-202307-L-1.RECINDEX_0.ATTEMPT_0,80014,NA
SEND_ANALOG_DOMICILE.IUN_ARPQ-GTMV-WZGH-202307-A-1.RECINDEX_0.ATTEMPT_0,96017,NA
SEND_ANALOG_DOMICILE.IUN_RZQZ-ZYUP-TYVM-202307-E-1.RECINDEX_0.ATTEMPT_0,47838,NA
SEND_ANALOG_DOMICILE.IUN_AQDV-MGXP-LGUG-202307-Y-1.RECINDEX_0.ATTEMPT_0,47843,NA
SEND_ANALOG_DOMICILE.IUN_YKDL-NRUK-LMAQ-202307-J-1.RECINDEX_0.ATTEMPT_0,35028,NA
SEND_ANALOG_DOMICILE.IUN_VKPU-LJTY-VPTG-202307-V-1.RECINDEX_0.ATTEMPT_0,20812,NA
SEND_ANALOG_DOMICILE.IUN_QYKQ-ARQE-KHDR-202307-A-1.RECINDEX_0.ATTEMPT_0,47814,NA
SEND_ANALOG_DOMICILE.IUN_EUYW-TELQ-ZGTZ-202307-G-1.RECINDEX_0.ATTEMPT_0,80133,NA
SEND_ANALOG_DOMICILE.IUN_TJNV-QMLM-WTLZ-202307-X-1.RECINDEX_0.ATTEMPT_0,55100,NA
SEND_ANALOG_DOMICILE.IUN_TJNV-QMLM-WTLZ-202307-X-1.RECINDEX_0.ATTEMPT_1,55100,NA
SEND_ANALOG_DOMICILE.IUN_KHRL-RALD-LEHX-202307-J-1.RECINDEX_0.ATTEMPT_0,46020,NA
SEND_ANALOG_DOMICILE.IUN_KHRL-RALD-LEHX-202307-J-1.RECINDEX_0.ATTEMPT_1,46025,NA
SEND_ANALOG_DOMICILE.IUN_YUEW-PAMQ-GRGX-202307-A-1.RECINDEX_0.ATTEMPT_0,20051,NA
SEND_ANALOG_DOMICILE.IUN_GNGT-YXMP-MTPA-202307-Y-1.RECINDEX_0.ATTEMPT_0,41043,NA
SEND_ANALOG_DOMICILE.IUN_LYAG-XTKY-TQHV-202307-Q-1.RECINDEX_0.ATTEMPT_0,35046,NA
SEND_ANALOG_DOMICILE.IUN_MJMR-TQDH-UWUR-202307-H-1.RECINDEX_0.ATTEMPT_0,26866,NA
SEND_ANALOG_DOMICILE.IUN_LKLG-PMZX-QUWU-202307-Y-1.RECINDEX_0.ATTEMPT_0,96017,NA
SEND_ANALOG_DOMICILE.IUN_GUXR-ZMTZ-ZYTY-202307-Z-1.RECINDEX_0.ATTEMPT_0,47838,NA
SEND_ANALOG_DOMICILE.IUN_GEQP-DTWQ-YJWP-202307-E-1.RECINDEX_0.ATTEMPT_0,47924,NA
SEND_ANALOG_DOMICILE.IUN_NPLW-JAVJ-ZVJD-202307-T-1.RECINDEX_0.ATTEMPT_0,20823,NA
SEND_ANALOG_DOMICILE.IUN_NPLW-JAVJ-ZVJD-202307-T-1.RECINDEX_0.ATTEMPT_1,68200,FRANCIA
SEND_ANALOG_DOMICILE.IUN_PALY-PNLJ-KQNM-202307-K-1.RECINDEX_0.ATTEMPT_0,20831,NA
SEND_ANALOG_DOMICILE.IUN_XMGN-RXQR-VDUM-202307-T-1.RECINDEX_0.ATTEMPT_0,55054,NA
SEND_ANALOG_DOMICILE.IUN_PJDK-QZEV-EJQL-202307-A-1.RECINDEX_0.ATTEMPT_0,80016,NA
SEND_ANALOG_DOMICILE.IUN_ZPND-QHEQ-XQXH-202307-E-1.RECINDEX_0.ATTEMPT_0,20017,NA
SEND_ANALOG_DOMICILE.IUN_ZPND-QHEQ-XQXH-202307-E-1.RECINDEX_0.ATTEMPT_1,20014,NA
SEND_ANALOG_DOMICILE.IUN_DHRT-HURT-XKUJ-202307-D-1.RECINDEX_0.ATTEMPT_0,46029,NA
SEND_ANALOG_DOMICILE.IUN_JWGX-EMEY-RMKN-202307-R-1.RECINDEX_0.ATTEMPT_0,31046,NA
SEND_ANALOG_DOMICILE.IUN_ZHMD-KTLQ-GRQZ-202307-A-1.RECINDEX_0.ATTEMPT_0,35040,NA
SEND_ANALOG_DOMICILE.IUN_QXLR-MARD-GWXY-202307-M-1.RECINDEX_0.ATTEMPT_0,61023,NA
SEND_ANALOG_DOMICILE.IUN_RDZU-KRAD-EGUH-202307-U-1.RECINDEX_0.ATTEMPT_0,80040,NA
SEND_ANALOG_DOMICILE.IUN_VKTZ-QXVK-LVJX-202307-R-1.RECINDEX_0.ATTEMPT_0,47921,NA
SEND_ANALOG_DOMICILE.IUN_EXWA-PGHT-YQYG-202307-D-1.RECINDEX_0.ATTEMPT_0,84018,NA
SEND_ANALOG_DOMICILE.IUN_WNVR-ZRPU-KRVM-202307-U-1.RECINDEX_0.ATTEMPT_0,20094,NA
SEND_ANALOG_DOMICILE.IUN_PHUN-HRAE-MKRW-202307-G-1.RECINDEX_0.ATTEMPT_0,31040,NA
SEND_ANALOG_DOMICILE.IUN_VTPQ-WAJN-AMUW-202307-G-1.RECINDEX_0.ATTEMPT_0,20831,NA
SEND_ANALOG_DOMICILE.IUN_EMKL-MAKJ-XVTY-202307-Q-1.RECINDEX_0.ATTEMPT_0,20060,NA
SEND_ANALOG_DOMICILE.IUN_JMTX-ZVYV-QGVD-202307-K-1.RECINDEX_0.ATTEMPT_0,25081,NA
SEND_ANALOG_DOMICILE.IUN_JMTX-ZVYV-QGVD-202307-K-1.RECINDEX_0.ATTEMPT_1,25081,NA
SEND_ANALOG_DOMICILE.IUN_KWRL-LAUQ-YDRU-202307-H-1.RECINDEX_0.ATTEMPT_0,53037,ITALIA
SEND_ANALOG_DOMICILE.IUN_LRAQ-ZGXQ-KAUG-202307-N-1.RECINDEX_0.ATTEMPT_0,41013,NA
SEND_ANALOG_DOMICILE.IUN_WDNX-JKGH-JAJE-202307-Z-1.RECINDEX_0.ATTEMPT_0,20026,NA
SEND_ANALOG_DOMICILE.IUN_ZNUQ-UAJW-UZUG-202307-H-1.RECINDEX_0.ATTEMPT_0,47923,NA
SEND_ANALOG_DOMICILE.IUN_UYZX-RHGK-DRUY-202307-H-1.RECINDEX_0.ATTEMPT_0,47921,NA
SEND_ANALOG_DOMICILE.IUN_NMWM-PTXT-DVHU-202307-U-1.RECINDEX_0.ATTEMPT_0,47921,NA
SEND_ANALOG_DOMICILE.IUN_GLJL-KYQY-UAHM-202307-L-1.RECINDEX_0.ATTEMPT_0,47923,NA
SEND_ANALOG_DOMICILE.IUN_YAWL-JMNU-QWNV-202307-U-1.RECINDEX_0.ATTEMPT_0,47822,NA
SEND_ANALOG_DOMICILE.IUN_YAWL-JMNU-QWNV-202307-U-1.RECINDEX_0.ATTEMPT_1,6032,SVIZZERA
SEND_ANALOG_DOMICILE.IUN_XWKT-PDMW-XAZV-202307-H-1.RECINDEX_0.ATTEMPT_0,81055,NA
SEND_ANALOG_DOMICILE.IUN_PURG-GLRA-JKPL-202307-V-1.RECINDEX_0.ATTEMPT_0,30174,NA
SEND_ANALOG_DOMICILE.IUN_ULXM-AWJZ-AEHE-202307-A-1.RECINDEX_0.ATTEMPT_0,47924,NA
SEND_ANALOG_DOMICILE.IUN_VHTZ-MZXP-LVWP-202307-Z-1.RECINDEX_0.ATTEMPT_0,25070,NA
SEND_ANALOG_DOMICILE.IUN_XPVG-NQGW-KJQA-202307-R-1.RECINDEX_0.ATTEMPT_0,42123,NA
SEND_ANALOG_DOMICILE.IUN_XDJY-KDER-VMJT-202307-N-1.RECINDEX_0.ATTEMPT_0,96017,NA
SEND_ANALOG_DOMICILE.IUN_GTGT-KYWA-XUKG-202307-Y-1.RECINDEX_0.ATTEMPT_0,71121,NA
SEND_ANALOG_DOMICILE.IUN_MUTZ-XVHE-ZVND-202307-E-1.RECINDEX_0.ATTEMPT_0,35044,NA
SEND_ANALOG_DOMICILE.IUN_EGVN-MWQX-PQGQ-202307-E-1.RECINDEX_0.ATTEMPT_0,16149,NA
SEND_ANALOG_DOMICILE.IUN_EGVN-MWQX-PQGQ-202307-E-1.RECINDEX_0.ATTEMPT_1,16151,NA
SEND_ANALOG_DOMICILE.IUN_ZJZM-HWHK-RZEA-202307-A-1.RECINDEX_0.ATTEMPT_0,47924,NA
SEND_ANALOG_DOMICILE.IUN_WLUZ-MNJP-PNZP-202307-E-1.RECINDEX_0.ATTEMPT_0,47924,NA
SEND_ANALOG_DOMICILE.IUN_EJEL-MAQD-VZKX-202307-Z-1.RECINDEX_0.ATTEMPT_0,42020,NA
SEND_ANALOG_DOMICILE.IUN_ZQJT-XLXT-DEJW-202307-R-1.RECINDEX_0.ATTEMPT_0,85051,NA
SEND_ANALOG_DOMICILE.IUN_VJRK-PRAJ-YJLM-202307-N-1.RECINDEX_0.ATTEMPT_0,95016,NA
SEND_ANALOG_DOMICILE.IUN_UZVD-ZPWH-UEDN-202307-P-1.RECINDEX_0.ATTEMPT_0,26041,NA
SEND_ANALOG_DOMICILE.IUN_AYKY-LZAM-GJAE-202307-R-1.RECINDEX_0.ATTEMPT_0,47838,NA
SEND_ANALOG_DOMICILE.IUN_WGKV-LWYK-WGMQ-202307-Q-1.RECINDEX_0.ATTEMPT_0,52045,NA
SEND_ANALOG_DOMICILE.IUN_QGDU-VLAH-LJLT-202307-T-1.RECINDEX_0.ATTEMPT_0,20029,NA
SEND_ANALOG_DOMICILE.IUN_DQLD-KEXZ-AEWT-202307-D-1.RECINDEX_0.ATTEMPT_0,20147,NA
SEND_ANALOG_DOMICILE.IUN_XVWR-YKQR-KPEH-202307-V-1.RECINDEX_0.ATTEMPT_0,20161,NA
SEND_ANALOG_DOMICILE.IUN_WDWA-HPTX-RVEP-202307-E-1.RECINDEX_0.ATTEMPT_0,20831,NA
SEND_ANALOG_DOMICILE.IUN_YGKQ-GMTM-GTHL-202307-G-1.RECINDEX_0.ATTEMPT_0,80040,NA
SEND_ANALOG_DOMICILE.IUN_YGKQ-GMTM-GTHL-202307-G-1.RECINDEX_0.ATTEMPT_1,80056,NA
SEND_ANALOG_DOMICILE.IUN_ZVZU-NRMD-GMVW-202307-J-1.RECINDEX_0.ATTEMPT_0,47922,NA
SEND_ANALOG_DOMICILE.IUN_AHRW-KYWJ-KGHG-202307-Z-1.RECINDEX_0.ATTEMPT_0,72014,NA
SEND_ANALOG_DOMICILE.IUN_AGKG-AQDV-ZUDN-202307-M-1.RECINDEX_0.ATTEMPT_0,42124,NA
SEND_ANALOG_DOMICILE.IUN_JPJH-DGEM-EGEP-202307-D-1.RECINDEX_0.ATTEMPT_0,96017,NA
SEND_ANALOG_DOMICILE.IUN_PTAM-QZTZ-TWEV-202307-J-1.RECINDEX_0.ATTEMPT_0,64028,NA
SEND_ANALOG_DOMICILE.IUN_JGLE-VGML-NUNE-202307-P-1.RECINDEX_0.ATTEMPT_0,96010,NA
SEND_ANALOG_DOMICILE.IUN_KVAK-LTGQ-HGYV-202307-L-1.RECINDEX_0.ATTEMPT_0,23815,NA
SEND_ANALOG_DOMICILE.IUN_YMQT-LDLV-XHJT-202307-J-1.RECINDEX_0.ATTEMPT_0,80014,NA
SEND_ANALOG_DOMICILE.IUN_KZQP-ZHPM-GVAN-202307-A-1.RECINDEX_0.ATTEMPT_0,81028,NA
SEND_ANALOG_DOMICILE.IUN_MWJX-ZALQ-TLMH-202307-D-1.RECINDEX_0.ATTEMPT_0,80078,NA
SEND_ANALOG_DOMICILE.IUN_PRQM-MHWP-MRAZ-202307-H-1.RECINDEX_0.ATTEMPT_0,80053,NA
SEND_ANALOG_DOMICILE.IUN_LDLQ-QWLP-HTRG-202307-M-1.RECINDEX_0.ATTEMPT_0,96017,NA
SEND_ANALOG_DOMICILE.IUN_HDTE-PKLU-MUKX-202307-M-1.RECINDEX_0.ATTEMPT_0,47924,NA
SEND_ANALOG_DOMICILE.IUN_TLZU-JGKX-HWZE-202307-Q-1.RECINDEX_0.ATTEMPT_0,47922,NA
SEND_ANALOG_DOMICILE.IUN_LQHE-AZYZ-RHUP-202307-K-1.RECINDEX_0.ATTEMPT_0,20072,NA
SEND_ANALOG_DOMICILE.IUN_AJEQ-TDLR-YNLD-202307-R-1.RECINDEX_0.ATTEMPT_0,37030,NA
SEND_ANALOG_DOMICILE.IUN_ZRWG-RUHA-QNRW-202307-U-1.RECINDEX_0.ATTEMPT_0,41012,NA
SEND_ANALOG_DOMICILE.IUN_KHTJ-TGYJ-UQVG-202309-Y-1.RECINDEX_0.ATTEMPT_0,44,NA
SEND_ANALOG_DOMICILE.IUN_DGMW-WXUN-JPDY-202307-H-1.RECINDEX_0.ATTEMPT_0,20096,NA
SEND_ANALOG_DOMICILE.IUN_WMLN-JYNM-PDVH-202307-W-1.RECINDEX_0.ATTEMPT_0,47923,NA
SEND_ANALOG_DOMICILE.IUN_HEMX-EVYX-ULDP-202307-D-1.RECINDEX_0.ATTEMPT_0,80070,NA
SEND_ANALOG_DOMICILE.IUN_VLEZ-MZAE-KPLU-202307-V-1.RECINDEX_0.ATTEMPT_0,47921,NA
SEND_ANALOG_DOMICILE.IUN_XNWQ-KJZH-YJGE-202307-D-1.RECINDEX_0.ATTEMPT_0,47921,NA
SEND_ANALOG_DOMICILE.IUN_JZPE-VTQH-KPET-202307-W-1.RECINDEX_0.ATTEMPT_0,13036,NA
SEND_ANALOG_DOMICILE.IUN_JZPE-VTQH-KPET-202307-W-1.RECINDEX_0.ATTEMPT_1,13036,NA
SEND_ANALOG_DOMICILE.IUN_JZGW-NMKR-NANL-202307-N-1.RECINDEX_0.ATTEMPT_0,47822,NA
SEND_ANALOG_DOMICILE.IUN_RGUP-NDRW-XWYM-202307-E-1.RECINDEX_0.ATTEMPT_0,20123,NA
SEND_ANALOG_DOMICILE.IUN_AKPZ-KMYT-RERH-202307-W-1.RECINDEX_0.ATTEMPT_0,20831,NA
SEND_ANALOG_DOMICILE.IUN_JDAV-WRAQ-KZNV-202307-V-1.RECINDEX_0.ATTEMPT_0,61022,NA
SEND_ANALOG_DOMICILE.IUN_VWHZ-ATNU-NJPE-202307-E-1.RECINDEX_0.ATTEMPT_0,74023,NA
SEND_ANALOG_DOMICILE.IUN_YDNT-QZGH-KAZH-202307-T-1.RECINDEX_0.ATTEMPT_0,132,NA
SEND_ANALOG_DOMICILE.IUN_NGZH-JYTL-EZMJ-202307-Y-1.RECINDEX_0.ATTEMPT_0,20157,NA
SEND_ANALOG_DOMICILE.IUN_DXAR-WQNY-YEVH-202307-N-1.RECINDEX_0.ATTEMPT_0,9072,NA
SEND_ANALOG_DOMICILE.IUN_QVKP-KVTP-VQKQ-202307-V-1.RECINDEX_0.ATTEMPT_0,13900,NA
SEND_ANALOG_DOMICILE.IUN_KRUG-QXQR-ZLUE-202307-U-1.RECINDEX_0.ATTEMPT_0,20147,NA
SEND_ANALOG_DOMICILE.IUN_RZMH-XARE-PQLZ-202307-L-1.RECINDEX_0.ATTEMPT_0,47923,NA
SEND_ANALOG_DOMICILE.IUN_TZJA-NVKL-UXJM-202307-H-1.RECINDEX_0.ATTEMPT_0,20812,NA
SEND_ANALOG_DOMICILE.IUN_ZNAW-KXMP-ATNJ-202307-Y-1.RECINDEX_0.ATTEMPT_0,96017,NA
SEND_ANALOG_DOMICILE.IUN_UZGY-NKUR-HPMY-202307-D-1.RECINDEX_0.ATTEMPT_0,70032,NA
SEND_ANALOG_DOMICILE.IUN_RYWE-GZAG-XETD-202307-R-1.RECINDEX_0.ATTEMPT_0,47814,NA
SEND_ANALOG_DOMICILE.IUN_VQWJ-DRTL-TAVA-202307-U-1.RECINDEX_0.ATTEMPT_0,12100,NA
SEND_ANALOG_DOMICILE.IUN_VQWJ-DRTL-TAVA-202307-U-1.RECINDEX_0.ATTEMPT_1,48125,NA
SEND_ANALOG_DOMICILE.IUN_GVYG-WLPX-VKDU-202307-Q-1.RECINDEX_0.ATTEMPT_0,20151,NA
SEND_ANALOG_DOMICILE.IUN_LTNW-GPKL-WQDW-202307-D-1.RECINDEX_0.ATTEMPT_0,36100,NA
SEND_ANALOG_DOMICILE.IUN_UQGL-QYTP-RDPE-202307-Y-1.RECINDEX_0.ATTEMPT_0,31015,NA
SEND_ANALOG_DOMICILE.IUN_JYXL-PQVJ-DGKG-202307-L-1.RECINDEX_0.ATTEMPT_0,80078,NA
SEND_ANALOG_DOMICILE.IUN_YPKW-KJGT-LDAM-202307-Z-1.RECINDEX_0.ATTEMPT_0,73048,NA
SEND_ANALOG_DOMICILE.IUN_KRVE-YZRL-RTMJ-202307-V-1.RECINDEX_0.ATTEMPT_0,47842,NA
SEND_ANALOG_DOMICILE.IUN_PXJW-PZTG-MPUX-202307-M-1.RECINDEX_0.ATTEMPT_0,88056,NA
SEND_ANALOG_DOMICILE.IUN_LVWX-LQRU-HQZT-202307-R-1.RECINDEX_0.ATTEMPT_0,26020,NA
SEND_ANALOG_DOMICILE.IUN_ELEW-NYDQ-DKPR-202307-D-1.RECINDEX_0.ATTEMPT_0,153,NA
SEND_ANALOG_DOMICILE.IUN_ELEW-NYDQ-DKPR-202307-D-1.RECINDEX_0.ATTEMPT_1,142,NA
SEND_ANALOG_DOMICILE.IUN_LMJW-MAJR-AHML-202307-K-1.RECINDEX_0.ATTEMPT_0,52100,NA
SEND_ANALOG_DOMICILE.IUN_LMJW-MAJR-AHML-202307-K-1.RECINDEX_0.ATTEMPT_1,52100,NA
SEND_ANALOG_DOMICILE.IUN_KMXE-LRWK-XKAR-202307-V-1.RECINDEX_0.ATTEMPT_0,31020,NA
SEND_ANALOG_DOMICILE.IUN_QXJN-UNGV-TRQA-202307-J-1.RECINDEX_0.ATTEMPT_0,27058,NA
SEND_ANALOG_DOMICILE.IUN_AWNZ-DKWV-TPRT-202307-W-1.RECINDEX_0.ATTEMPT_0,22020,NA
SEND_ANALOG_DOMICILE.IUN_AWNZ-DKWV-TPRT-202307-W-1.RECINDEX_0.ATTEMPT_1,20861,NA
SEND_ANALOG_DOMICILE.IUN_JKZR-MRAN-MWRZ-202307-R-1.RECINDEX_0.ATTEMPT_0,27018,NA
SEND_ANALOG_DOMICILE.IUN_PHDN-ZYTW-JNEH-202307-W-1.RECINDEX_0.ATTEMPT_0,47842,NA
SEND_ANALOG_DOMICILE.IUN_QYUQ-VDXW-ARVL-202307-G-1.RECINDEX_0.ATTEMPT_0,27050,NA
SEND_ANALOG_DOMICILE.IUN_RWPH-UKMW-TWTU-202307-M-1.RECINDEX_0.ATTEMPT_0,47921,NA
SEND_ANALOG_DOMICILE.IUN_XEMJ-PGJG-VAKQ-202307-Q-1.RECINDEX_0.ATTEMPT_0,47826,NA
SEND_ANALOG_DOMICILE.IUN_XUPT-AYND-RKZE-202307-L-1.RECINDEX_0.ATTEMPT_0,20131,NA
SEND_ANALOG_DOMICILE.IUN_GRKW-GDXL-KWKW-202309-X-1.RECINDEX_0.ATTEMPT_0,73018,NA
SEND_ANALOG_DOMICILE.IUN_AZNY-GDZW-AHRM-202307-V-1.RECINDEX_0.ATTEMPT_0,55045,NA
SEND_ANALOG_DOMICILE.IUN_TXKA-HKRJ-MREY-202307-N-1.RECINDEX_0.ATTEMPT_0,12100,NA
SEND_ANALOG_DOMICILE.IUN_RTPM-NEJA-WRLD-202307-D-1.RECINDEX_0.ATTEMPT_0,16011,NA
SEND_ANALOG_DOMICILE.IUN_RTPM-NEJA-WRLD-202307-D-1.RECINDEX_0.ATTEMPT_1,16011,NA
SEND_ANALOG_DOMICILE.IUN_ADVX-NMNG-PGAQ-202307-R-1.RECINDEX_0.ATTEMPT_0,71010,NA
SEND_ANALOG_DOMICILE.IUN_PTNX-ZQEV-HJAT-202307-H-1.RECINDEX_0.ATTEMPT_0,22063,NA
SEND_ANALOG_DOMICILE.IUN_WYNP-DTZU-NLHR-202307-Y-1.RECINDEX_0.ATTEMPT_0,91025,NA
SEND_ANALOG_DOMICILE.IUN_RMYU-GJVX-RJGZ-202307-X-1.RECINDEX_0.ATTEMPT_0,91027,NA
SEND_ANALOG_DOMICILE.IUN_JDKL-UKHE-ZDME-202307-D-1.RECINDEX_0.ATTEMPT_0,47924,NA
SEND_ANALOG_DOMICILE.IUN_MNGW-KRYK-UARY-202307-M-1.RECINDEX_0.ATTEMPT_0,47822,NA
SEND_ANALOG_DOMICILE.IUN_DKJM-KYND-NGHK-202307-E-1.RECINDEX_0.ATTEMPT_0,20812,NA
SEND_ANALOG_DOMICILE.IUN_QPZM-YKZD-QVJV-202307-H-1.RECINDEX_0.ATTEMPT_0,47921,NA
SEND_ANALOG_DOMICILE.IUN_LVDQ-HJDN-ZDYV-202307-R-1.RECINDEX_0.ATTEMPT_0,80026,NA
SEND_ANALOG_DOMICILE.IUN_LPGD-QAGL-JHJT-202307-V-1.RECINDEX_0.ATTEMPT_0,24030,NA
SEND_ANALOG_DOMICILE.IUN_LPGD-QAGL-JHJT-202307-V-1.RECINDEX_0.ATTEMPT_1,24040,NA
SEND_ANALOG_DOMICILE.IUN_HDPK-DGQL-QVMJ-202307-M-1.RECINDEX_0.ATTEMPT_0,43056,NA
SEND_ANALOG_DOMICILE.IUN_XGDH-WQUZ-QKHM-202307-A-1.RECINDEX_0.ATTEMPT_0,98152,NA
SEND_ANALOG_DOMICILE.IUN_HMLY-WDAV-NPKA-202307-A-1.RECINDEX_0.ATTEMPT_0,47824,NA
SEND_ANALOG_DOMICILE.IUN_UPMU-PTWE-LWAZ-202307-V-1.RECINDEX_0.ATTEMPT_0,27043,NA
SEND_ANALOG_DOMICILE.IUN_TVPT-HQAW-LUYL-202307-U-1.RECINDEX_0.ATTEMPT_0,70024,NA
SEND_ANALOG_DOMICILE.IUN_TRYV-RWGA-PQXU-202307-L-1.RECINDEX_0.ATTEMPT_0,71016,NA
SEND_ANALOG_DOMICILE.IUN_PRWZ-HMAE-NKEY-202307-R-1.RECINDEX_0.ATTEMPT_0,27043,NA
SEND_ANALOG_DOMICILE.IUN_HVWG-GLZD-XVYM-202307-R-1.RECINDEX_0.ATTEMPT_0,25018,NA
SEND_ANALOG_DOMICILE.IUN_GLAY-YJAP-MPXA-202307-E-1.RECINDEX_0.ATTEMPT_0,97019,NA
SEND_ANALOG_DOMICILE.IUN_PUYD-ZPDV-ZATE-202307-M-1.RECINDEX_0.ATTEMPT_0,30014,NA
SEND_ANALOG_DOMICILE.IUN_PUYD-ZPDV-ZATE-202307-M-1.RECINDEX_0.ATTEMPT_1,30014,NA
SEND_ANALOG_DOMICILE.IUN_LZRZ-TNKW-DEMT-202307-Q-1.RECINDEX_0.ATTEMPT_0,47923,NA
SEND_ANALOG_DOMICILE.IUN_QKTM-GXNP-UWUH-202307-Q-1.RECINDEX_0.ATTEMPT_0,47922,NA
SEND_ANALOG_DOMICILE.IUN_AWUP-EAPW-AWJE-202307-X-1.RECINDEX_0.ATTEMPT_0,21010,NA
SEND_ANALOG_DOMICILE.IUN_PKWA-ZXVZ-XVAR-202307-R-1.RECINDEX_0.ATTEMPT_0,80147,NA
SEND_ANALOG_DOMICILE.IUN_XHKE-LNUN-HZHY-202307-Z-1.RECINDEX_0.ATTEMPT_0,20861,NA
SEND_ANALOG_DOMICILE.IUN_NAWL-TJYK-KNXD-202307-T-1.RECINDEX_0.ATTEMPT_0,47826,NA
SEND_ANALOG_DOMICILE.IUN_LWMG-AYRD-QXWJ-202307-A-1.RECINDEX_0.ATTEMPT_0,47838,NA
SEND_ANALOG_DOMICILE.IUN_UZVX-DHJE-XUNR-202307-V-1.RECINDEX_0.ATTEMPT_0,81049,NA
SEND_ANALOG_DOMICILE.IUN_EQYZ-AJWP-RMDX-202307-J-1.RECINDEX_0.ATTEMPT_0,52045,NA
SEND_ANALOG_DOMICILE.IUN_ZNDL-XVPH-XDLD-202307-U-1.RECINDEX_0.ATTEMPT_0,47853,NA
SEND_ANALOG_DOMICILE.IUN_VPAL-PKHP-KLQY-202307-P-1.RECINDEX_0.ATTEMPT_0,20831,NA
SEND_ANALOG_DOMICILE.IUN_ZQZA-WYMY-JLPJ-202307-E-1.RECINDEX_0.ATTEMPT_0,24127,NA
SEND_ANALOG_DOMICILE.IUN_JYQG-XQJH-RKGU-202307-V-1.RECINDEX_0.ATTEMPT_0,26020,NA
SEND_ANALOG_DOMICILE.IUN_ZMWQ-ZXUY-QHLG-202307-T-1.RECINDEX_0.ATTEMPT_0,35021,NA
SEND_ANALOG_DOMICILE.IUN_JNYU-URLM-VQYU-202307-Q-1.RECINDEX_0.ATTEMPT_0,61013,NA
SEND_ANALOG_DOMICILE.IUN_TMQU-KTRD-PTGP-202307-A-1.RECINDEX_0.ATTEMPT_0,20147,NA
SEND_ANALOG_DOMICILE.IUN_PUEP-NKPK-NDRY-202307-T-1.RECINDEX_0.ATTEMPT_0,47924,NA
SEND_ANALOG_DOMICILE.IUN_VYJW-EKTK-HQJE-202307-N-1.RECINDEX_0.ATTEMPT_0,72014,NA
SEND_ANALOG_DOMICILE.IUN_DHUK-WZEM-AGJA-202307-H-1.RECINDEX_0.ATTEMPT_0,47923,NA
SEND_ANALOG_DOMICILE.IUN_KMKV-KGPU-ZWUZ-202307-E-1.RECINDEX_0.ATTEMPT_0,20026,NA
SEND_ANALOG_DOMICILE.IUN_MRGM-QVHD-UZAL-202307-M-1.RECINDEX_0.ATTEMPT_0,85028,NA
SEND_ANALOG_DOMICILE.IUN_GDKX-RJGD-WVYQ-202307-U-1.RECINDEX_0.ATTEMPT_0,55045,NA
SEND_ANALOG_DOMICILE.IUN_ETHJ-TPDY-VPNW-202307-E-1.RECINDEX_0.ATTEMPT_0,9043,NA
SEND_ANALOG_DOMICILE.IUN_DPTX-YLAW-PMEH-202307-R-1.RECINDEX_0.ATTEMPT_0,88046,NA
SEND_ANALOG_DOMICILE.IUN_EYRY-DMZW-UXRU-202307-X-1.RECINDEX_0.ATTEMPT_0,74020,NA
SEND_ANALOG_DOMICILE.IUN_EYRY-DMZW-UXRU-202307-X-1.RECINDEX_0.ATTEMPT_1,74028,NA
SEND_ANALOG_DOMICILE.IUN_DTNY-XJRX-KHZK-202307-T-1.RECINDEX_0.ATTEMPT_0,47833,NA
SEND_ANALOG_DOMICILE.IUN_EKQX-VHDT-XTKM-202307-Z-1.RECINDEX_0.ATTEMPT_0,39100,NA
SEND_ANALOG_DOMICILE.IUN_HMYQ-JDAH-TMUQ-202307-G-1.RECINDEX_0.ATTEMPT_0,20812,NA
SEND_ANALOG_DOMICILE.IUN_TVWK-TEUX-GTVJ-202307-Y-1.RECINDEX_0.ATTEMPT_0,7026,NA
SEND_ANALOG_DOMICILE.IUN_PJNZ-KTUD-PRAE-202307-L-1.RECINDEX_0.ATTEMPT_0,47838,NA
SEND_ANALOG_DOMICILE.IUN_LJXP-YRME-JMDK-202307-J-1.RECINDEX_0.ATTEMPT_0,21042,NA
SEND_ANALOG_DOMICILE.IUN_UGTY-AYGY-KAPG-202307-R-1.RECINDEX_0.ATTEMPT_0,20058,NA
SEND_ANALOG_DOMICILE.IUN_XNQT-YRZW-WLRM-202307-H-1.RECINDEX_0.ATTEMPT_0,89044,NA
SEND_ANALOG_DOMICILE.IUN_JTAW-LTNY-GNLR-202307-Y-1.RECINDEX_0.ATTEMPT_0,47924,NA
SEND_ANALOG_DOMICILE.IUN_NRED-LMHZ-VGXE-202307-J-1.RECINDEX_0.ATTEMPT_0,52045,NA
SEND_ANALOG_DOMICILE.IUN_XAQU-TYXM-HEUM-202307-R-1.RECINDEX_0.ATTEMPT_0,20025,NA
SEND_ANALOG_DOMICILE.IUN_LUNQ-ZERY-UAPV-202307-X-1.RECINDEX_0.ATTEMPT_0,40057,NA
SEND_ANALOG_DOMICILE.IUN_YQKX-WNLH-VQNP-202307-Z-1.RECINDEX_0.ATTEMPT_0,47922,NA
SEND_ANALOG_DOMICILE.IUN_XVHA-KLNQ-ZMVH-202307-D-1.RECINDEX_0.ATTEMPT_0,35043,NA
SEND_ANALOG_DOMICILE.IUN_GJXV-GRJA-QZAW-202307-R-1.RECINDEX_0.ATTEMPT_0,20831,NA
SEND_ANALOG_DOMICILE.IUN_QYHJ-KXPM-UREY-202307-Q-1.RECINDEX_0.ATTEMPT_0,80026,NA
SEND_ANALOG_DOMICILE.IUN_WUTX-LZGN-KMHW-202307-Y-1.RECINDEX_0.ATTEMPT_0,31010,NA
SEND_ANALOG_DOMICILE.IUN_RKUX-EGQE-ZJGT-202307-T-1.RECINDEX_0.ATTEMPT_0,16138,NA
SEND_ANALOG_DOMICILE.IUN_ZWGQ-ZEZG-EKAT-202307-Z-1.RECINDEX_0.ATTEMPT_0,80058,NA
SEND_ANALOG_DOMICILE.IUN_ZWGQ-ZEZG-EKAT-202307-Z-1.RECINDEX_0.ATTEMPT_1,26 110,POLONIA
SEND_ANALOG_DOMICILE.IUN_YWHY-TEHR-TYEG-202307-N-1.RECINDEX_0.ATTEMPT_0,55054,NA
SEND_ANALOG_DOMICILE.IUN_EQMQ-GHEH-KAPX-202307-H-1.RECINDEX_0.ATTEMPT_0,62,NA
SEND_ANALOG_DOMICILE.IUN_PDNE-PWPN-VWGY-202307-J-1.RECINDEX_0.ATTEMPT_0,39100,NA
SEND_ANALOG_DOMICILE.IUN_LWZR-LJWQ-HDRA-202307-W-1.RECINDEX_0.ATTEMPT_0,47838,NA
SEND_ANALOG_DOMICILE.IUN_QRZX-YNWQ-LPXR-202307-J-1.RECINDEX_0.ATTEMPT_0,55100,NA
SEND_ANALOG_DOMICILE.IUN_PGHX-AGXZ-DHPU-202307-M-1.RECINDEX_0.ATTEMPT_0,27030,NA
SEND_ANALOG_DOMICILE.IUN_PGHX-AGXZ-DHPU-202307-M-1.RECINDEX_0.ATTEMPT_1,27043,NA
SEND_ANALOG_DOMICILE.IUN_KNAM-VZTD-KMHR-202307-L-1.RECINDEX_0.ATTEMPT_0,31018,NA
SEND_ANALOG_DOMICILE.IUN_AWGD-UKJQ-EGRN-202307-M-1.RECINDEX_0.ATTEMPT_0,70024,NA
SEND_ANALOG_DOMICILE.IUN_GHYE-EYME-NGJY-202307-Y-1.RECINDEX_0.ATTEMPT_0,47834,NA
SEND_ANALOG_DOMICILE.IUN_XRYE-TGKG-YMVR-202307-T-1.RECINDEX_0.ATTEMPT_0,30020,NA
SEND_ANALOG_DOMICILE.IUN_LYUY-YLVW-GKUE-202307-H-1.RECINDEX_0.ATTEMPT_0,72014,NA
SEND_ANALOG_DOMICILE.IUN_MQAQ-PEYW-ZTNV-202307-Y-1.RECINDEX_0.ATTEMPT_0,20089,NA
SEND_ANALOG_DOMICILE.IUN_YXDJ-DXMA-HJHT-202307-Z-1.RECINDEX_0.ATTEMPT_0,87064,NA
SEND_ANALOG_DOMICILE.IUN_JQZU-ZTHK-KZMN-202307-Z-1.RECINDEX_0.ATTEMPT_0,35040,NA
SEND_ANALOG_DOMICILE.IUN_JQZU-ZTHK-KZMN-202307-Z-1.RECINDEX_0.ATTEMPT_1,35042,NA
SEND_ANALOG_DOMICILE.IUN_VHKH-KNXN-GWVM-202307-Y-1.RECINDEX_0.ATTEMPT_0,76011,NA
SEND_ANALOG_DOMICILE.IUN_VKME-GDYH-KJVD-202307-P-1.RECINDEX_0.ATTEMPT_0,47838,NA
SEND_ANALOG_DOMICILE.IUN_DXHM-PRWV-VXMW-202307-J-1.RECINDEX_0.ATTEMPT_0,20812,NA
SEND_ANALOG_DOMICILE.IUN_DXHM-PRWV-VXMW-202307-J-1.RECINDEX_0.ATTEMPT_1,20812,NA
SEND_ANALOG_DOMICILE.IUN_MXUZ-TKAQ-WJTZ-202307-L-1.RECINDEX_0.ATTEMPT_0,22030,NA
SEND_ANALOG_DOMICILE.IUN_QNMT-YURD-TZTR-202307-N-1.RECINDEX_0.ATTEMPT_0,82100,NA
SEND_ANALOG_DOMICILE.IUN_UTEV-LWZJ-YXYJ-202307-V-1.RECINDEX_0.ATTEMPT_0,47923,NA
SEND_ANALOG_DOMICILE.IUN_NLML-RYDL-LMVW-202307-D-1.RECINDEX_0.ATTEMPT_0,20030,NA
SEND_ANALOG_DOMICILE.IUN_NLML-RYDL-LMVW-202307-D-1.RECINDEX_0.ATTEMPT_1,20030,NA
SEND_ANALOG_DOMICILE.IUN_KLNK-UQZV-EPJP-202307-A-1.RECINDEX_0.ATTEMPT_0,25045,NA
SEND_ANALOG_DOMICILE.IUN_KLNK-UQZV-EPJP-202307-A-1.RECINDEX_0.ATTEMPT_1,25045,NA
SEND_ANALOG_DOMICILE.IUN_VKUX-YNQP-VJMZ-202307-T-1.RECINDEX_0.ATTEMPT_0,15048,NA
SEND_ANALOG_DOMICILE.IUN_VWAM-YDJL-DWZL-202307-Z-1.RECINDEX_0.ATTEMPT_0,47822,NA
SEND_ANALOG_DOMICILE.IUN_EXKX-VGHP-KGXY-202307-H-1.RECINDEX_0.ATTEMPT_0,20125,NA
SEND_ANALOG_DOMICILE.IUN_VEVX-YHMZ-NXAZ-202307-N-1.RECINDEX_0.ATTEMPT_0,91028,NA
SEND_ANALOG_DOMICILE.IUN_UMAT-XZTP-NGHZ-202307-V-1.RECINDEX_0.ATTEMPT_0,47923,NA
SEND_ANALOG_DOMICILE.IUN_QGPK-ULRE-DQEL-202307-R-1.RECINDEX_0.ATTEMPT_0,70010,NA
SEND_ANALOG_DOMICILE.IUN_YTUP-PDAG-AJKJ-202307-Q-1.RECINDEX_0.ATTEMPT_0,20822,NA
SEND_ANALOG_DOMICILE.IUN_RKAQ-UHDP-ZRZN-202307-G-1.RECINDEX_0.ATTEMPT_0,47921,NA
SEND_ANALOG_DOMICILE.IUN_JQML-ZQJE-PAYP-202307-R-1.RECINDEX_0.ATTEMPT_0,20079,NA
SEND_ANALOG_DOMICILE.IUN_EZHU-HVZX-AJTZ-202307-X-1.RECINDEX_0.ATTEMPT_0,22072,NA
SEND_ANALOG_DOMICILE.IUN_PYLQ-WDLM-VTNA-202307-D-1.RECINDEX_0.ATTEMPT_0,7026,NA
SEND_ANALOG_DOMICILE.IUN_VRUD-GYWG-LRNK-202307-E-1.RECINDEX_0.ATTEMPT_0,96017,NA
SEND_ANALOG_DOMICILE.IUN_PVGU-JQHR-HPTA-202307-L-1.RECINDEX_0.ATTEMPT_0,27044,NA
SEND_ANALOG_DOMICILE.IUN_YDNV-HWEG-LGAD-202307-J-1.RECINDEX_0.ATTEMPT_0,20060,NA
SEND_ANALOG_DOMICILE.IUN_YDNV-HWEG-LGAD-202307-J-1.RECINDEX_0.ATTEMPT_1,1775 JA,PAESI BASSI
SEND_ANALOG_DOMICILE.IUN_XDGE-UYLX-ZDYD-202307-H-1.RECINDEX_0.ATTEMPT_0,47922,NA
SEND_ANALOG_DOMICILE.IUN_YRPK-LZKT-KHLM-202307-E-1.RECINDEX_0.ATTEMPT_0,31010,NA
SEND_ANALOG_DOMICILE.IUN_HUNG-JULE-EZXQ-202307-T-1.RECINDEX_0.ATTEMPT_0,72027,NA
SEND_ANALOG_DOMICILE.IUN_WGJZ-PYMK-QJMR-202307-L-1.RECINDEX_0.ATTEMPT_0,20832,NA
SEND_ANALOG_DOMICILE.IUN_WGJZ-PYMK-QJMR-202307-L-1.RECINDEX_0.ATTEMPT_1,20832,NA
SEND_ANALOG_DOMICILE.IUN_WNUT-AYVK-PNJV-202307-W-1.RECINDEX_0.ATTEMPT_0,47838,NA
SEND_ANALOG_DOMICILE.IUN_NQNE-DJNJ-LEYM-202307-R-1.RECINDEX_0.ATTEMPT_0,31024,NA
SEND_ANALOG_DOMICILE.IUN_TDRX-YXTM-PUWR-202307-X-1.RECINDEX_0.ATTEMPT_0,27016,NA
SEND_ANALOG_DOMICILE.IUN_PZNR-LHXG-DKQV-202307-A-1.RECINDEX_0.ATTEMPT_0,7026,NA
SEND_ANALOG_DOMICILE.IUN_EYPY-VPXP-DJXY-202307-L-1.RECINDEX_0.ATTEMPT_0,71042,NA
SEND_ANALOG_DOMICILE.IUN_LUTV-ZGER-QVGJ-202307-J-1.RECINDEX_0.ATTEMPT_0,35030,NA
SEND_ANALOG_DOMICILE.IUN_DHGW-MYKR-PTEV-202307-U-1.RECINDEX_0.ATTEMPT_0,46047,NA
SEND_ANALOG_DOMICILE.IUN_YXWH-UJMG-ENZH-202307-J-1.RECINDEX_0.ATTEMPT_0,27010,NA
SEND_ANALOG_DOMICILE.IUN_QAJY-EMRE-PZEN-202307-H-1.RECINDEX_0.ATTEMPT_0,9032,NA
SEND_ANALOG_DOMICILE.IUN_XJAN-QRTJ-DYRL-202307-W-1.RECINDEX_0.ATTEMPT_0,96017,NA
SEND_ANALOG_DOMICILE.IUN_DHLU-NUHW-EPWN-202307-R-1.RECINDEX_0.ATTEMPT_0,63811,NA
SEND_ANALOG_DOMICILE.IUN_HEVM-PRDR-GAVT-202307-D-1.RECINDEX_0.ATTEMPT_0,80040,NA
SEND_ANALOG_DOMICILE.IUN_DVAT-EJXG-JHKZ-202307-W-1.RECINDEX_0.ATTEMPT_0,166,NA
SEND_ANALOG_DOMICILE.IUN_PMKG-JUYT-YXTA-202307-Q-1.RECINDEX_0.ATTEMPT_0,46042,NA
SEND_ANALOG_DOMICILE.IUN_MVHK-ELWV-AGEL-202307-Q-1.RECINDEX_0.ATTEMPT_0,87019,NA
SEND_ANALOG_DOMICILE.IUN_UKZX-TZHW-PUXK-202307-D-1.RECINDEX_0.ATTEMPT_0,47923,NA
SEND_ANALOG_DOMICILE.IUN_WRUN-ZJEL-XTPM-202307-Y-1.RECINDEX_0.ATTEMPT_0,27043,NA
SEND_ANALOG_DOMICILE.IUN_TJZM-PJDA-MKXV-202307-T-1.RECINDEX_0.ATTEMPT_0,27010,NA
SEND_ANALOG_DOMICILE.IUN_JHXU-XYXP-HTAH-202307-N-1.RECINDEX_0.ATTEMPT_0,20096,NA
SEND_ANALOG_DOMICILE.IUN_JHXU-XYXP-HTAH-202307-N-1.RECINDEX_0.ATTEMPT_1,80134,NA
SEND_ANALOG_DOMICILE.IUN_HTZY-QTMK-DUHE-202307-Z-1.RECINDEX_0.ATTEMPT_0,46100,NA
SEND_ANALOG_DOMICILE.IUN_VAZX-NAEJ-MKEQ-202307-A-1.RECINDEX_0.ATTEMPT_0,31050,NA
SEND_ANALOG_DOMICILE.IUN_ZKHT-PGPU-NLDM-202307-P-1.RECINDEX_0.ATTEMPT_0,80133,NA
SEND_ANALOG_DOMICILE.IUN_HULH-YDYU-AZNR-202307-K-1.RECINDEX_0.ATTEMPT_0,71019,NA
SEND_ANALOG_DOMICILE.IUN_KUGT-XDYV-RYWL-202307-K-1.RECINDEX_0.ATTEMPT_0,47921,NA
SEND_ANALOG_DOMICILE.IUN_NWNR-AGZK-YNTJ-202307-J-1.RECINDEX_0.ATTEMPT_0,35040,NA
SEND_ANALOG_DOMICILE.IUN_UJRV-HAQD-GWGL-202307-X-1.RECINDEX_0.ATTEMPT_0,20030,NA
SEND_ANALOG_DOMICILE.IUN_RLZA-VRKP-WMZE-202307-R-1.RECINDEX_0.ATTEMPT_0,20090,NA
SEND_ANALOG_DOMICILE.IUN_ZJZY-YUZK-WAGK-202307-N-1.RECINDEX_0.ATTEMPT_0,47843,NA
SEND_ANALOG_DOMICILE.IUN_HQPN-VMGE-WYGQ-202307-W-1.RECINDEX_0.ATTEMPT_0,23900,NA
SEND_ANALOG_DOMICILE.IUN_ZWNK-ETUY-XRYP-202307-A-1.RECINDEX_0.ATTEMPT_0,60015,NA
SEND_ANALOG_DOMICILE.IUN_TEAT-NZLM-LXHV-202307-A-1.RECINDEX_0.ATTEMPT_0,24069,NA
SEND_ANALOG_DOMICILE.IUN_TEAT-NZLM-LXHV-202307-A-1.RECINDEX_0.ATTEMPT_1,24126,NA
SEND_ANALOG_DOMICILE.IUN_HKNX-WZNY-XNGN-202307-E-1.RECINDEX_0.ATTEMPT_0,47838,NA
SEND_ANALOG_DOMICILE.IUN_UZER-GEMJ-NMUW-202307-Y-1.RECINDEX_0.ATTEMPT_0,47924,NA
SEND_ANALOG_DOMICILE.IUN_ZQPM-RQUL-RAXV-202307-E-1.RECINDEX_0.ATTEMPT_0,47922,NA
SEND_ANALOG_DOMICILE.IUN_MVDT-TKGA-ULXP-202307-T-1.RECINDEX_0.ATTEMPT_0,47924,NA
SEND_ANALOG_DOMICILE.IUN_LZLP-JKHU-ZHMV-202307-H-1.RECINDEX_0.ATTEMPT_0,47833,NA
SEND_ANALOG_DOMICILE.IUN_ZEJG-NKWM-HJNJ-202307-X-1.RECINDEX_0.ATTEMPT_0,22066,NA
SEND_ANALOG_DOMICILE.IUN_XREZ-WYWR-HTQD-202307-L-1.RECINDEX_0.ATTEMPT_0,35040,NA
SEND_ANALOG_DOMICILE.IUN_ZXZW-DRVD-MGZV-202307-Q-1.RECINDEX_0.ATTEMPT_0,132,NA
SEND_ANALOG_DOMICILE.IUN_WNJG-AJXH-EANM-202307-H-1.RECINDEX_0.ATTEMPT_0,25020,NA
SEND_ANALOG_DOMICILE.IUN_WNJG-AJXH-EANM-202307-H-1.RECINDEX_0.ATTEMPT_1,NA,FRANCIA
SEND_ANALOG_DOMICILE.IUN_VAVR-HYXL-DVDZ-202307-P-1.RECINDEX_0.ATTEMPT_0,43029,NA
SEND_ANALOG_DOMICILE.IUN_ZGAG-WPXU-RZKU-202307-Z-1.RECINDEX_0.ATTEMPT_0,47923,NA
SEND_ANALOG_DOMICILE.IUN_ZHAM-NUJQ-YZPN-202307-R-1.RECINDEX_0.ATTEMPT_0,25020,NA
SEND_ANALOG_DOMICILE.IUN_YQKA-DJAN-ZLRE-202307-W-1.RECINDEX_0.ATTEMPT_0,47923,NA
SEND_ANALOG_DOMICILE.IUN_MUJE-JWXE-XKTX-202307-M-1.RECINDEX_0.ATTEMPT_0,20811,NA
SEND_ANALOG_DOMICILE.IUN_UPUQ-JAMQ-PURQ-202307-K-1.RECINDEX_0.ATTEMPT_0,35045,NA
SEND_ANALOG_DOMICILE.IUN_PLQZ-DWPR-XYEZ-202307-M-1.RECINDEX_0.ATTEMPT_0,98121,NA
SEND_ANALOG_DOMICILE.IUN_QTVA-MGXD-XWNZ-202307-V-1.RECINDEX_0.ATTEMPT_0,32044,NA
SEND_ANALOG_DOMICILE.IUN_UGJT-XYTU-EQZY-202307-T-1.RECINDEX_0.ATTEMPT_0,39100,NA
SEND_ANALOG_DOMICILE.IUN_XPXP-XYNP-NXAQ-202307-Q-1.RECINDEX_0.ATTEMPT_0,47923,NA
SEND_ANALOG_DOMICILE.IUN_UNEN-ZTZT-VDRW-202307-M-1.RECINDEX_0.ATTEMPT_0,28010,NA
SEND_ANALOG_DOMICILE.IUN_UNEN-ZTZT-VDRW-202307-M-1.RECINDEX_0.ATTEMPT_1,22039,NA
SEND_ANALOG_DOMICILE.IUN_QHJE-WKGH-QHEX-202307-Q-1.RECINDEX_0.ATTEMPT_0,55054,NA
SEND_ANALOG_DOMICILE.IUN_HGLE-PRNG-WGMW-202307-Z-1.RECINDEX_0.ATTEMPT_0,61044,NA
SEND_ANALOG_DOMICILE.IUN_GTKM-NZPX-UZVN-202307-M-1.RECINDEX_0.ATTEMPT_0,20863,NA
SEND_ANALOG_DOMICILE.IUN_ZJDG-JHJR-ZQDM-202307-Z-1.RECINDEX_0.ATTEMPT_0,71122,NA
SEND_ANALOG_DOMICILE.IUN_MZLA-YMWT-RWGT-202307-Z-1.RECINDEX_0.ATTEMPT_0,21050,NA
SEND_ANALOG_DOMICILE.IUN_UEUH-KYLM-QMTH-202307-V-1.RECINDEX_0.ATTEMPT_0,46042,NA
SEND_ANALOG_DOMICILE.IUN_JRZG-EZGR-UGRP-202307-A-1.RECINDEX_0.ATTEMPT_0,30174,NA
SEND_ANALOG_DOMICILE.IUN_JUPX-VZHK-YRUM-202307-M-1.RECINDEX_0.ATTEMPT_0,26020,NA
SEND_ANALOG_DOMICILE.IUN_WXED-NQMN-MZUA-202307-A-1.RECINDEX_0.ATTEMPT_0,96017,NA
SEND_ANALOG_DOMICILE.IUN_DMWK-KLMD-TZPT-202307-U-1.RECINDEX_0.ATTEMPT_0,96017,NA
SEND_ANALOG_DOMICILE.IUN_GPGX-KRGJ-HAYD-202307-M-1.RECINDEX_0.ATTEMPT_0,24040,NA
SEND_ANALOG_DOMICILE.IUN_WXMZ-MULN-NQRA-202307-W-1.RECINDEX_0.ATTEMPT_0,20812,NA
SEND_ANALOG_DOMICILE.IUN_WXMZ-MULN-NQRA-202307-W-1.RECINDEX_0.ATTEMPT_1,7860,SPAGNA
SEND_ANALOG_DOMICILE.IUN_WAXH-XHUW-VRAH-202307-J-1.RECINDEX_0.ATTEMPT_0,20814,NA
SEND_ANALOG_DOMICILE.IUN_QETA-GQWD-GTXV-202307-Q-1.RECINDEX_0.ATTEMPT_0,20871,NA
SEND_ANALOG_DOMICILE.IUN_QLUJ-UZYH-RWQL-202307-H-1.RECINDEX_0.ATTEMPT_0,27100,NA
SEND_ANALOG_DOMICILE.IUN_WPZT-KELV-TQKX-202307-D-1.RECINDEX_0.ATTEMPT_0,20008,NA
SEND_ANALOG_DOMICILE.IUN_LJVT-WPYQ-QHVK-202307-X-1.RECINDEX_0.ATTEMPT_0,47923,NA
SEND_ANALOG_DOMICILE.IUN_PWHP-LVJE-TGYJ-202307-U-1.RECINDEX_0.ATTEMPT_0,20090,NA
SEND_ANALOG_DOMICILE.IUN_AUZQ-JVGA-TLYH-202307-V-1.RECINDEX_0.ATTEMPT_0,20129,NA
SEND_ANALOG_DOMICILE.IUN_RZRD-AUYT-EHGD-202307-J-1.RECINDEX_0.ATTEMPT_0,12038,NA
SEND_ANALOG_DOMICILE.IUN_WATQ-RJWN-PKXD-202307-E-1.RECINDEX_0.ATTEMPT_0,20060,NA
SEND_ANALOG_DOMICILE.IUN_WATQ-RJWN-PKXD-202307-E-1.RECINDEX_0.ATTEMPT_1,20060,NA
SEND_ANALOG_DOMICILE.IUN_WXZV-YGRE-XZPY-202307-R-1.RECINDEX_0.ATTEMPT_0,71022,NA
SEND_ANALOG_DOMICILE.IUN_YWJT-NKMG-XMQM-202307-M-1.RECINDEX_0.ATTEMPT_0,47922,NA
SEND_ANALOG_DOMICILE.IUN_ERWY-DNGZ-RMTA-202307-Z-1.RECINDEX_0.ATTEMPT_0,47921,NA
SEND_ANALOG_DOMICILE.IUN_QKWE-WZKR-EKAV-202307-X-1.RECINDEX_0.ATTEMPT_0,20090,NA
SEND_ANALOG_DOMICILE.IUN_PUXG-XADM-GJDU-202307-Z-1.RECINDEX_0.ATTEMPT_0,25011,NA
SEND_ANALOG_DOMICILE.IUN_UHMZ-MRME-HYJQ-202307-Z-1.RECINDEX_0.ATTEMPT_0,70126,NA
SEND_ANALOG_DOMICILE.IUN_VJRW-HEKG-EAYW-202307-J-1.RECINDEX_0.ATTEMPT_0,35037,NA
SEND_ANALOG_DOMICILE.IUN_YHAV-ZXTN-RHVA-202307-R-1.RECINDEX_0.ATTEMPT_0,55100,NA
SEND_ANALOG_DOMICILE.IUN_VNQK-XRNL-ZGQK-202307-Q-1.RECINDEX_0.ATTEMPT_0,81055,NA
SEND_ANALOG_DOMICILE.IUN_UKQE-TJTP-ZUWZ-202307-M-1.RECINDEX_0.ATTEMPT_0,71045,NA
SEND_ANALOG_DOMICILE.IUN_MTXY-JXQW-VTZY-202307-W-1.RECINDEX_0.ATTEMPT_0,47838,NA
SEND_ANALOG_DOMICILE.IUN_NKEM-PNGE-QNRN-202307-W-1.RECINDEX_0.ATTEMPT_0,16126,NA
SEND_ANALOG_DOMICILE.IUN_NKEM-PNGE-QNRN-202307-W-1.RECINDEX_0.ATTEMPT_1,16126,NA
SEND_ANALOG_DOMICILE.IUN_MPET-EPAZ-TPMV-202307-W-1.RECINDEX_0.ATTEMPT_0,71010,NA
SEND_ANALOG_DOMICILE.IUN_NXGV-GPVJ-HDMN-202307-J-1.RECINDEX_0.ATTEMPT_0,47923,NA
SEND_ANALOG_DOMICILE.IUN_HKTR-HAVJ-DGLV-202307-Q-1.RECINDEX_0.ATTEMPT_0,26859,NA
SEND_ANALOG_DOMICILE.IUN_ULKP-GVRN-WRKQ-202307-L-1.RECINDEX_0.ATTEMPT_0,47814,NA
SEND_ANALOG_DOMICILE.IUN_QEWJ-RYTU-ENVW-202307-Z-1.RECINDEX_0.ATTEMPT_0,61012,NA
SEND_ANALOG_DOMICILE.IUN_KRKV-XRUN-DXTZ-202307-L-1.RECINDEX_0.ATTEMPT_0,47923,NA
SEND_ANALOG_DOMICILE.IUN_MDEV-ZJHK-YHJD-202307-U-1.RECINDEX_0.ATTEMPT_0,80011,NA
SEND_ANALOG_DOMICILE.IUN_MDEV-ZJHK-YHJD-202307-U-1.RECINDEX_0.ATTEMPT_1,80011,NA
SEND_ANALOG_DOMICILE.IUN_QGNK-JKEH-HPJE-202307-T-1.RECINDEX_0.ATTEMPT_0,35020,NA
SEND_ANALOG_DOMICILE.IUN_YMLY-RULG-UGXJ-202307-R-1.RECINDEX_0.ATTEMPT_0,47867,NA
SEND_ANALOG_DOMICILE.IUN_WPYN-ZQAQ-MDVD-202307-J-1.RECINDEX_0.ATTEMPT_0,89842,NA
SEND_ANALOG_DOMICILE.IUN_EJTU-XLPK-LZPR-202307-M-1.RECINDEX_0.ATTEMPT_0,20037,NA
SEND_ANALOG_DOMICILE.IUN_GXGJ-WJYX-KGVG-202307-X-1.RECINDEX_0.ATTEMPT_0,74022,NA
SEND_ANALOG_DOMICILE.IUN_WUWH-QZRN-VQNK-202307-M-1.RECINDEX_0.ATTEMPT_0,47923,NA
SEND_ANALOG_DOMICILE.IUN_XWQD-YEYM-TMNP-202307-X-1.RECINDEX_0.ATTEMPT_0,91025,NA
SEND_ANALOG_DOMICILE.IUN_YKLH-MTWA-QNJU-202307-X-1.RECINDEX_0.ATTEMPT_0,88025,NA
SEND_ANALOG_DOMICILE.IUN_UHAP-QDLJ-NMGQ-202307-N-1.RECINDEX_0.ATTEMPT_0,51011,NA
SEND_ANALOG_DOMICILE.IUN_UHAP-QDLJ-NMGQ-202307-N-1.RECINDEX_0.ATTEMPT_1,51017,NA
SEND_ANALOG_DOMICILE.IUN_YXRW-HPQP-AUHQ-202307-T-1.RECINDEX_0.ATTEMPT_0,46023,NA
SEND_ANALOG_DOMICILE.IUN_DGKX-EKYD-NJAM-202309-H-1.RECINDEX_0.ATTEMPT_0,71022,ITALIA
SEND_ANALOG_DOMICILE.IUN_TQVR-YVLK-YTDL-202307-E-1.RECINDEX_0.ATTEMPT_0,20831,NA
SEND_ANALOG_DOMICILE.IUN_AMYN-NDUL-EHWG-202307-X-1.RECINDEX_0.ATTEMPT_0,20833,NA
SEND_ANALOG_DOMICILE.IUN_HEUK-MKUN-LWHL-202307-G-1.RECINDEX_0.ATTEMPT_0,47922,NA
SEND_ANALOG_DOMICILE.IUN_VEKN-MVEJ-AXLG-202307-V-1.RECINDEX_0.ATTEMPT_0,80040,NA
SEND_ANALOG_DOMICILE.IUN_LPEW-AZGA-YHDQ-202307-X-1.RECINDEX_0.ATTEMPT_0,47921,NA
SEND_ANALOG_DOMICILE.IUN_HDRK-URWM-RQGR-202307-X-1.RECINDEX_0.ATTEMPT_0,47923,NA
SEND_ANALOG_DOMICILE.IUN_YQLW-PLHP-NZKM-202307-Q-1.RECINDEX_0.ATTEMPT_0,47841,NA
SEND_ANALOG_DOMICILE.IUN_AUPD-GVAV-HKMA-202307-E-1.RECINDEX_0.ATTEMPT_0,47921,NA
SEND_ANALOG_DOMICILE.IUN_MQZW-HZJQ-VJPX-202307-K-1.RECINDEX_0.ATTEMPT_0,47922,NA
SEND_ANALOG_DOMICILE.IUN_XZYM-NJWY-XWXK-202307-R-1.RECINDEX_0.ATTEMPT_0,20831,NA
SEND_ANALOG_DOMICILE.IUN_XENJ-QKQP-MRVD-202307-T-1.RECINDEX_0.ATTEMPT_0,40057,NA
SEND_ANALOG_DOMICILE.IUN_VYZL-URAQ-DALV-202307-J-1.RECINDEX_0.ATTEMPT_0,47838,NA
SEND_ANALOG_DOMICILE.IUN_XATR-RXDM-KAEZ-202307-T-1.RECINDEX_0.ATTEMPT_0,47838,NA
SEND_ANALOG_DOMICILE.IUN_HJTW-YUPQ-NGQM-202307-M-1.RECINDEX_0.ATTEMPT_0,41124,NA
SEND_ANALOG_DOMICILE.IUN_ERGT-DGYH-DQTY-202307-J-1.RECINDEX_0.ATTEMPT_0,47923,NA
SEND_ANALOG_DOMICILE.IUN_VEWH-QZWV-RQNA-202308-X-1.RECINDEX_0.ATTEMPT_0,28805,ITALIA
SEND_ANALOG_DOMICILE.IUN_MPKY-RTWV-MWKL-202307-D-1.RECINDEX_0.ATTEMPT_0,21016,NA
SEND_ANALOG_DOMICILE.IUN_LADJ-ZLUG-WEDE-202307-G-1.RECINDEX_0.ATTEMPT_0,84016,NA
SEND_ANALOG_DOMICILE.IUN_LADJ-ZLUG-WEDE-202307-G-1.RECINDEX_0.ATTEMPT_1,84016,NA
SEND_ANALOG_DOMICILE.IUN_AVAR-VPZD-ENRH-202307-J-1.RECINDEX_0.ATTEMPT_0,35026,NA
SEND_ANALOG_DOMICILE.IUN_YZLP-HYLU-LYPM-202307-K-1.RECINDEX_0.ATTEMPT_0,25018,NA
SEND_ANALOG_DOMICILE.IUN_AGWY-AJKJ-LNXU-202307-K-1.RECINDEX_0.ATTEMPT_0,80054,NA
SEND_ANALOG_DOMICILE.IUN_RKTQ-WELM-VWUL-202307-T-1.RECINDEX_0.ATTEMPT_0,31040,NA
SEND_ANALOG_DOMICILE.IUN_AVTL-GRXA-NRUZ-202307-L-1.RECINDEX_0.ATTEMPT_0,76125,NA
SEND_ANALOG_DOMICILE.IUN_AVTL-GRXA-NRUZ-202307-L-1.RECINDEX_0.ATTEMPT_1,76125,NA
SEND_ANALOG_DOMICILE.IUN_KVMU-MGPV-RZDK-202307-G-1.RECINDEX_0.ATTEMPT_0,74028,NA
SEND_ANALOG_DOMICILE.IUN_ZVNX-LQDH-UHRD-202307-A-1.RECINDEX_0.ATTEMPT_0,47923,NA
SEND_ANALOG_DOMICILE.IUN_EWHZ-RNTW-GUXY-202307-N-1.RECINDEX_0.ATTEMPT_0,20841,NA
SEND_ANALOG_DOMICILE.IUN_ENKD-LXYW-HUYK-202307-H-1.RECINDEX_0.ATTEMPT_0,47843,NA
SEND_ANALOG_DOMICILE.IUN_KNZW-XDQY-MGEK-202307-E-1.RECINDEX_0.ATTEMPT_0,92019,NA
SEND_ANALOG_DOMICILE.IUN_VWDT-PQVG-EHKL-202307-N-1.RECINDEX_0.ATTEMPT_0,20058,NA
SEND_ANALOG_DOMICILE.IUN_HEHW-GJPT-XAWL-202307-G-1.RECINDEX_0.ATTEMPT_0,27043,NA
SEND_ANALOG_DOMICILE.IUN_VMKQ-NPHW-QEQK-202307-V-1.RECINDEX_0.ATTEMPT_0,27050,NA
SEND_ANALOG_DOMICILE.IUN_VMKQ-NPHW-QEQK-202307-V-1.RECINDEX_0.ATTEMPT_1,24126,NA
SEND_ANALOG_DOMICILE.IUN_YVPJ-UAXA-ZRLR-202307-V-1.RECINDEX_0.ATTEMPT_0,95045,NA
SEND_ANALOG_DOMICILE.IUN_RYZE-DRLK-LZPY-202307-X-1.RECINDEX_0.ATTEMPT_0,20088,NA
SEND_ANALOG_DOMICILE.IUN_RYZE-DRLK-LZPY-202307-X-1.RECINDEX_0.ATTEMPT_1,20080,NA
SEND_ANALOG_DOMICILE.IUN_ZHXQ-VXUW-QNKL-202307-R-1.RECINDEX_0.ATTEMPT_0,70020,NA
SEND_ANALOG_DOMICILE.IUN_DQVH-HGDU-GTWE-202307-T-1.RECINDEX_0.ATTEMPT_0,35043,NA
SEND_ANALOG_DOMICILE.IUN_GWAZ-PXTZ-AJWV-202307-Z-1.RECINDEX_0.ATTEMPT_0,20062,NA
SEND_ANALOG_DOMICILE.IUN_WKLP-ZMPY-PMTY-202307-N-1.RECINDEX_0.ATTEMPT_0,47924,NA
SEND_ANALOG_DOMICILE.IUN_HKET-XTMZ-YUGD-202307-H-1.RECINDEX_0.ATTEMPT_0,47924,NA
SEND_ANALOG_DOMICILE.IUN_HVGL-HGAR-QUDV-202307-V-1.RECINDEX_0.ATTEMPT_0,47826,NA
SEND_ANALOG_DOMICILE.IUN_KETG-RXRG-KNMU-202307-Q-1.RECINDEX_0.ATTEMPT_0,35025,NA
SEND_ANALOG_DOMICILE.IUN_KGKH-HMNK-RYJU-202307-D-1.RECINDEX_0.ATTEMPT_0,20089,NA
SEND_ANALOG_DOMICILE.IUN_NULG-PEAJ-PZMG-202307-W-1.RECINDEX_0.ATTEMPT_0,47814,NA
SEND_ANALOG_DOMICILE.IUN_NULG-PEAJ-PZMG-202307-W-1.RECINDEX_0.ATTEMPT_1,47814,NA
SEND_ANALOG_DOMICILE.IUN_MPDZ-TPWJ-UMVA-202307-J-1.RECINDEX_0.ATTEMPT_0,24036,NA
SEND_ANALOG_DOMICILE.IUN_MPDZ-TPWJ-UMVA-202307-J-1.RECINDEX_0.ATTEMPT_1,35220,FRANCIA
SEND_ANALOG_DOMICILE.IUN_APZY-JRME-ADTA-202307-U-1.RECINDEX_0.ATTEMPT_0,20096,NA
SEND_ANALOG_DOMICILE.IUN_UEPZ-YWTG-UWTV-202307-Z-1.RECINDEX_0.ATTEMPT_0,90145,NA
SEND_ANALOG_DOMICILE.IUN_RZWG-NXJD-JNQU-202307-L-1.RECINDEX_0.ATTEMPT_0,80126,NA
SEND_ANALOG_DOMICILE.IUN_RGDK-RKVM-LYGZ-202307-W-1.RECINDEX_0.ATTEMPT_0,96010,NA
SEND_ANALOG_DOMICILE.IUN_GMTU-AVER-RPDL-202307-G-1.RECINDEX_0.ATTEMPT_0,12033,NA
SEND_ANALOG_DOMICILE.IUN_WUHR-JLEZ-QWZU-202307-J-1.RECINDEX_0.ATTEMPT_0,10082,NA
SEND_ANALOG_DOMICILE.IUN_RXLX-HDYW-DXKA-202307-E-1.RECINDEX_0.ATTEMPT_0,80026,NA
SEND_ANALOG_DOMICILE.IUN_MRJX-ZRXY-UEQX-202307-Y-1.RECINDEX_0.ATTEMPT_0,29121,NA
SEND_ANALOG_DOMICILE.IUN_GREZ-MTRY-LDNV-202307-J-1.RECINDEX_0.ATTEMPT_0,47814,NA
SEND_ANALOG_DOMICILE.IUN_GREZ-MTRY-LDNV-202307-J-1.RECINDEX_0.ATTEMPT_1,47814,NA
SEND_ANALOG_DOMICILE.IUN_UNZE-VEKA-EWUW-202307-D-1.RECINDEX_0.ATTEMPT_0,35025,NA
SEND_ANALOG_DOMICILE.IUN_ZRVW-RJNA-ZARJ-202307-P-1.RECINDEX_0.ATTEMPT_0,47843,NA
SEND_ANALOG_DOMICILE.IUN_ZRVW-RJNA-ZARJ-202307-P-1.RECINDEX_0.ATTEMPT_1,87029,NA
SEND_ANALOG_DOMICILE.IUN_NUDG-QAWM-GHDZ-202307-V-1.RECINDEX_0.ATTEMPT_0,80146,NA
SEND_ANALOG_DOMICILE.IUN_UMKR-XWAN-GYLY-202307-U-1.RECINDEX_0.ATTEMPT_0,60041,NA
SEND_ANALOG_DOMICILE.IUN_UTEM-VMYJ-JMDN-202307-R-1.RECINDEX_0.ATTEMPT_0,52045,NA
SEND_ANALOG_DOMICILE.IUN_UTEM-VMYJ-JMDN-202307-R-1.RECINDEX_0.ATTEMPT_1,52045,NA
SEND_ANALOG_DOMICILE.IUN_LQER-MQJD-ENKV-202307-V-1.RECINDEX_0.ATTEMPT_0,35020,NA
SEND_ANALOG_DOMICILE.IUN_GJHM-MDKD-HXTG-202307-Z-1.RECINDEX_0.ATTEMPT_0,22066,NA
SEND_ANALOG_DOMICILE.IUN_NGJW-KAQR-QLZK-202307-Q-1.RECINDEX_0.ATTEMPT_0,20030,NA
SEND_ANALOG_DOMICILE.IUN_NGJW-KAQR-QLZK-202307-Q-1.RECINDEX_0.ATTEMPT_1,21030,NA
SEND_ANALOG_DOMICILE.IUN_EGAU-AERD-RVJX-202307-N-1.RECINDEX_0.ATTEMPT_0,27043,NA
SEND_ANALOG_DOMICILE.IUN_RPWQ-ZJTN-VDXK-202307-A-1.RECINDEX_0.ATTEMPT_0,31020,NA
SEND_ANALOG_DOMICILE.IUN_RPWQ-ZJTN-VDXK-202307-A-1.RECINDEX_0.ATTEMPT_1,31015,NA
SEND_ANALOG_DOMICILE.IUN_YMUY-NUDV-EMAY-202307-Q-1.RECINDEX_0.ATTEMPT_0,80035,NA
SEND_ANALOG_DOMICILE.IUN_TEYM-WXTM-MJXT-202307-H-1.RECINDEX_0.ATTEMPT_0,47921,NA
SEND_ANALOG_DOMICILE.IUN_GZAR-QJHK-EZQM-202307-K-1.RECINDEX_0.ATTEMPT_0,20153,NA
SEND_ANALOG_DOMICILE.IUN_YWYW-VXYR-RMVR-202307-G-1.RECINDEX_0.ATTEMPT_0,81055,NA
SEND_ANALOG_DOMICILE.IUN_PDHG-ZKTV-TGXZ-202307-N-1.RECINDEX_0.ATTEMPT_0,84121,NA
SEND_ANALOG_DOMICILE.IUN_PDHG-ZKTV-TGXZ-202307-N-1.RECINDEX_0.ATTEMPT_1,84121,NA
SEND_ANALOG_DOMICILE.IUN_DEHK-EWLX-AWZR-202307-M-1.RECINDEX_0.ATTEMPT_0,26855,NA
SEND_ANALOG_DOMICILE.IUN_MWEH-JPDV-XQVX-202307-L-1.RECINDEX_0.ATTEMPT_0,72017,NA
SEND_ANALOG_DOMICILE.IUN_MWEH-JPDV-XQVX-202307-L-1.RECINDEX_0.ATTEMPT_1,74015,NA
SEND_ANALOG_DOMICILE.IUN_JKEA-GLVN-TLJV-202307-T-1.RECINDEX_0.ATTEMPT_0,52100,NA
SEND_ANALOG_DOMICILE.IUN_TVKZ-TDGA-DZKV-202307-X-1.RECINDEX_0.ATTEMPT_0,86039,NA
SEND_ANALOG_DOMICILE.IUN_TVKZ-TDGA-DZKV-202307-X-1.RECINDEX_0.ATTEMPT_1,86039,NA
SEND_ANALOG_DOMICILE.IUN_NRTD-UGUG-EJUP-202307-K-1.RECINDEX_0.ATTEMPT_0,46100,NA
SEND_ANALOG_DOMICILE.IUN_DPEG-EXJL-ALQL-202307-Y-1.RECINDEX_0.ATTEMPT_0,47922,NA
SEND_ANALOG_DOMICILE.IUN_UJAR-XEHK-JAKA-202307-X-1.RECINDEX_0.ATTEMPT_0,74020,NA
SEND_ANALOG_DOMICILE.IUN_EZGH-UARJ-LDZQ-202307-G-1.RECINDEX_0.ATTEMPT_0,62018,NA
SEND_ANALOG_DOMICILE.IUN_UDAE-HURD-MYXU-202307-Q-1.RECINDEX_0.ATTEMPT_0,20089,NA
SEND_ANALOG_DOMICILE.IUN_WGYW-PEJY-UKYV-202307-L-1.RECINDEX_0.ATTEMPT_0,55049,NA
SEND_ANALOG_DOMICILE.IUN_PVAZ-WEWP-GALJ-202307-N-1.RECINDEX_0.ATTEMPT_0,47838,NA
SEND_ANALOG_DOMICILE.IUN_DEXD-JTKP-MRWL-202307-H-1.RECINDEX_0.ATTEMPT_0,31046,NA
SEND_ANALOG_DOMICILE.IUN_GMGQ-PHVM-UXDK-202307-K-1.RECINDEX_0.ATTEMPT_0,20072,NA
SEND_ANALOG_DOMICILE.IUN_PQYV-TWLG-QUTL-202307-H-1.RECINDEX_0.ATTEMPT_0,47864,NA
SEND_ANALOG_DOMICILE.IUN_KJUG-YZXV-HEQU-202307-U-1.RECINDEX_0.ATTEMPT_0,47922,NA
SEND_ANALOG_DOMICILE.IUN_KWXL-QYQA-WMRW-202307-H-1.RECINDEX_0.ATTEMPT_0,3011,NA
SEND_ANALOG_DOMICILE.IUN_NDQP-ENYN-MJLM-202307-G-1.RECINDEX_0.ATTEMPT_0,35040,NA
SEND_ANALOG_DOMICILE.IUN_QWAE-TLYX-XJTX-202307-E-1.RECINDEX_0.ATTEMPT_0,47922,NA
SEND_ANALOG_DOMICILE.IUN_QWAE-TLYX-XJTX-202307-E-1.RECINDEX_0.ATTEMPT_1,47855,NA
SEND_ANALOG_DOMICILE.IUN_XYXJ-JDTD-RAZG-202307-X-1.RECINDEX_0.ATTEMPT_0,20089,NA
SEND_ANALOG_DOMICILE.IUN_JHMZ-JPQX-YRDR-202307-M-1.RECINDEX_0.ATTEMPT_0,70044,NA
SEND_ANALOG_DOMICILE.IUN_JHMZ-JPQX-YRDR-202307-M-1.RECINDEX_0.ATTEMPT_1,70044,NA
SEND_ANALOG_DOMICILE.IUN_UNEZ-QWYU-NKRD-202307-X-1.RECINDEX_0.ATTEMPT_0,90128,NA
SEND_ANALOG_DOMICILE.IUN_XUGV-JDVR-XTJU-202307-X-1.RECINDEX_0.ATTEMPT_0,27010,NA
SEND_ANALOG_DOMICILE.IUN_JUQM-YNUY-DQGT-202307-Q-1.RECINDEX_0.ATTEMPT_0,39100,NA
SEND_ANALOG_DOMICILE.IUN_GLPW-UTGW-GLJY-202307-D-1.RECINDEX_0.ATTEMPT_0,60123,NA
SEND_ANALOG_DOMICILE.IUN_PMPZ-EPAE-HWQZ-202307-X-1.RECINDEX_0.ATTEMPT_0,20138,NA
SEND_ANALOG_DOMICILE.IUN_AXQJ-NRVD-NAEL-202307-U-1.RECINDEX_0.ATTEMPT_0,96017,NA
SEND_ANALOG_DOMICILE.IUN_VPZN-NTGV-DTPU-202307-X-1.RECINDEX_0.ATTEMPT_0,95045,NA
SEND_ANALOG_DOMICILE.IUN_JLTA-PXJD-RDZW-202307-R-1.RECINDEX_0.ATTEMPT_0,70056,NA
SEND_ANALOG_DOMICILE.IUN_RLYW-UXNR-VDUQ-202307-R-1.RECINDEX_0.ATTEMPT_0,27040,NA
SEND_ANALOG_DOMICILE.IUN_TLUP-MEGN-EMXA-202307-Z-1.RECINDEX_0.ATTEMPT_0,124,NA
SEND_ANALOG_DOMICILE.IUN_MZAR-KPLT-LZLP-202307-H-1.RECINDEX_0.ATTEMPT_0,70129,NA
SEND_ANALOG_DOMICILE.IUN_EUNW-JGJQ-QEKW-202307-K-1.RECINDEX_0.ATTEMPT_0,47922,NA
SEND_ANALOG_DOMICILE.IUN_ULZN-KGLH-WHAK-202307-D-1.RECINDEX_0.ATTEMPT_0,47923,NA
SEND_ANALOG_DOMICILE.IUN_PQTD-EJNV-EAQY-202307-G-1.RECINDEX_0.ATTEMPT_0,55054,NA
SEND_ANALOG_DOMICILE.IUN_QPNL-LVPZ-GDYM-202307-H-1.RECINDEX_0.ATTEMPT_0,20034,NA
SEND_ANALOG_DOMICILE.IUN_DETQ-AMWT-TMTZ-202307-G-1.RECINDEX_0.ATTEMPT_0,17051,NA
SEND_ANALOG_DOMICILE.IUN_UYVY-PGZH-RQYR-202307-A-1.RECINDEX_0.ATTEMPT_0,90040,NA
SEND_ANALOG_DOMICILE.IUN_UTKX-AZUP-UDHT-202307-Q-1.RECINDEX_0.ATTEMPT_0,81024,NA
SEND_ANALOG_DOMICILE.IUN_ARAK-GXAL-JWLY-202307-X-1.RECINDEX_0.ATTEMPT_0,73010,NA
SEND_ANALOG_DOMICILE.IUN_YZLU-EDKY-GQGX-202307-J-1.RECINDEX_0.ATTEMPT_0,135,NA
SEND_ANALOG_DOMICILE.IUN_JKTX-HTEH-JEZW-202307-R-1.RECINDEX_0.ATTEMPT_0,20129,NA
SEND_ANALOG_DOMICILE.IUN_MQXD-HTPN-YNYL-202307-Q-1.RECINDEX_0.ATTEMPT_0,80010,NA
SEND_ANALOG_DOMICILE.IUN_HGEP-GDWE-RZDK-202307-J-1.RECINDEX_0.ATTEMPT_0,47838,NA
SEND_ANALOG_DOMICILE.IUN_GTPV-AYNJ-ZRKQ-202307-L-1.RECINDEX_0.ATTEMPT_0,44124,NA
SEND_ANALOG_DOMICILE.IUN_YRJN-YNZW-ZGAM-202307-E-1.RECINDEX_0.ATTEMPT_0,97019,NA
SEND_ANALOG_DOMICILE.IUN_JTAG-RJWD-KEKP-202307-J-1.RECINDEX_0.ATTEMPT_0,80021,NA
SEND_ANALOG_DOMICILE.IUN_EHLT-YURN-DUYL-202307-J-1.RECINDEX_0.ATTEMPT_0,47924,NA
SEND_ANALOG_DOMICILE.IUN_ERZD-DHQV-QAZG-202307-H-1.RECINDEX_0.ATTEMPT_0,47923,NA
SEND_ANALOG_DOMICILE.IUN_YKEL-UNVW-ZPNP-202307-D-1.RECINDEX_0.ATTEMPT_0,6049,NA
SEND_ANALOG_DOMICILE.IUN_EYUL-TYJR-AMHY-202307-J-1.RECINDEX_0.ATTEMPT_0,27010,NA
SEND_ANALOG_DOMICILE.IUN_QYXZ-WQXA-ZQZK-202307-P-1.RECINDEX_0.ATTEMPT_0,80058,NA
SEND_ANALOG_DOMICILE.IUN_ANEL-PGDH-APDH-202307-X-1.RECINDEX_0.ATTEMPT_0,30020,NA
SEND_ANALOG_DOMICILE.IUN_ANEL-PGDH-APDH-202307-X-1.RECINDEX_0.ATTEMPT_1,6818,SVIZZERA
SEND_ANALOG_DOMICILE.IUN_TYAZ-LJYL-NGDH-202307-P-1.RECINDEX_0.ATTEMPT_0,81050,NA
SEND_ANALOG_DOMICILE.IUN_LTPD-QKZD-KYTZ-202307-P-1.RECINDEX_0.ATTEMPT_0,20131,NA
SEND_ANALOG_DOMICILE.IUN_EVET-GWMX-UZDP-202307-K-1.RECINDEX_0.ATTEMPT_0,20866,NA
SEND_ANALOG_DOMICILE.IUN_EVET-GWMX-UZDP-202307-K-1.RECINDEX_0.ATTEMPT_1,20866,NA
SEND_ANALOG_DOMICILE.IUN_WRWG-EPYH-VLPV-202307-U-1.RECINDEX_0.ATTEMPT_0,47923,NA
SEND_ANALOG_DOMICILE.IUN_HZJY-RLMZ-YZQW-202307-E-1.RECINDEX_0.ATTEMPT_0,20085,NA
SEND_ANALOG_DOMICILE.IUN_YWVZ-DYJA-EGUY-202307-V-1.RECINDEX_0.ATTEMPT_0,35025,NA
SEND_ANALOG_DOMICILE.IUN_QMGX-GJZP-ADTL-202307-G-1.RECINDEX_0.ATTEMPT_0,81024,NA
SEND_ANALOG_DOMICILE.IUN_YPJK-RZXR-WQPM-202307-P-1.RECINDEX_0.ATTEMPT_0,47841,NA
SEND_ANALOG_DOMICILE.IUN_UDQA-JERM-XVQA-202307-E-1.RECINDEX_0.ATTEMPT_0,46040,NA
SEND_ANALOG_DOMICILE.IUN_XUTW-UYRW-QYRP-202307-X-1.RECINDEX_0.ATTEMPT_0,25030,NA
SEND_ANALOG_DOMICILE.IUN_XUTW-UYRW-QYRP-202307-X-1.RECINDEX_0.ATTEMPT_1,25030,NA
SEND_ANALOG_DOMICILE.IUN_MKHY-QTRZ-MDNX-202307-R-1.RECINDEX_0.ATTEMPT_0,26033,NA
SEND_ANALOG_DOMICILE.IUN_UKWX-JWDA-PVHK-202307-W-1.RECINDEX_0.ATTEMPT_0,80146,NA
SEND_ANALOG_DOMICILE.IUN_WDKW-HPDP-MDXQ-202307-L-1.RECINDEX_0.ATTEMPT_0,37067,NA
SEND_ANALOG_DOMICILE.IUN_ZQEQ-TAQV-QEDT-202307-V-1.RECINDEX_0.ATTEMPT_0,178,NA
SEND_ANALOG_DOMICILE.IUN_ZHMZ-QNMR-AVJE-202307-Y-1.RECINDEX_0.ATTEMPT_0,72024,NA
SEND_ANALOG_DOMICILE.IUN_EHZK-NLTU-RMWA-202307-W-1.RECINDEX_0.ATTEMPT_0,31015,NA
SEND_ANALOG_DOMICILE.IUN_HYLN-HYJX-YQGQ-202307-Q-1.RECINDEX_0.ATTEMPT_0,90145,NA
SEND_ANALOG_DOMICILE.IUN_QGLA-JEQL-PMYR-202309-E-1.RECINDEX_0.ATTEMPT_0,13848,ITALIA
SEND_ANALOG_DOMICILE.IUN_DVMD-WNQZ-XRAV-202307-P-1.RECINDEX_0.ATTEMPT_0,76014,NA
SEND_ANALOG_DOMICILE.IUN_HMWR-TYEV-MDND-202307-T-1.RECINDEX_0.ATTEMPT_0,27040,NA
SEND_ANALOG_DOMICILE.IUN_XGRT-HWUP-AKLQ-202307-Z-1.RECINDEX_0.ATTEMPT_0,80138,NA
SEND_ANALOG_DOMICILE.IUN_MRPJ-WPRV-PQHZ-202308-Z-1.RECINDEX_0.ATTEMPT_0,53037,ITALIA
SEND_ANALOG_DOMICILE.IUN_KLER-LVLJ-NEZL-202307-H-1.RECINDEX_0.ATTEMPT_0,27049,NA
SEND_ANALOG_DOMICILE.IUN_AJRA-JZLU-JPKX-202307-K-1.RECINDEX_0.ATTEMPT_0,35040,NA
SEND_ANALOG_DOMICILE.IUN_JAEA-THDR-YNGN-202307-E-1.RECINDEX_0.ATTEMPT_0,28100,NA
SEND_ANALOG_DOMICILE.IUN_VPDM-AQHV-HRLZ-202307-R-1.RECINDEX_0.ATTEMPT_0,20157,NA
SEND_ANALOG_DOMICILE.IUN_ZVWU-XYXV-KDKY-202307-M-1.RECINDEX_0.ATTEMPT_0,20837,NA
SEND_ANALOG_DOMICILE.IUN_ENTD-MPDX-YNQU-202307-Z-1.RECINDEX_0.ATTEMPT_0,44022,NA
SEND_ANALOG_DOMICILE.IUN_GMVP-AUGJ-TUQM-202307-P-1.RECINDEX_0.ATTEMPT_0,31047,NA
SEND_ANALOG_DOMICILE.IUN_GMVP-AUGJ-TUQM-202307-P-1.RECINDEX_0.ATTEMPT_1,NG3 5HL,REGNO UNITO
SEND_ANALOG_DOMICILE.IUN_DPZM-XZQD-QGPU-202307-P-1.RECINDEX_0.ATTEMPT_0,26866,NA
SEND_ANALOG_DOMICILE.IUN_JXDV-MKAQ-GQUX-202307-U-1.RECINDEX_0.ATTEMPT_0,47922,NA
SEND_ANALOG_DOMICILE.IUN_YPVT-DGHY-YZPZ-202307-U-1.RECINDEX_0.ATTEMPT_0,47921,NA
SEND_ANALOG_DOMICILE.IUN_XARY-TWJZ-URZH-202307-V-1.RECINDEX_0.ATTEMPT_0,20124,NA
SEND_ANALOG_DOMICILE.IUN_RHMP-DNJL-AUMR-202307-W-1.RECINDEX_0.ATTEMPT_0,70010,NA
SEND_ANALOG_DOMICILE.IUN_PVJQ-MPHU-RMQK-202307-A-1.RECINDEX_0.ATTEMPT_0,47824,NA
SEND_ANALOG_DOMICILE.IUN_LPKA-NTKT-PYTA-202307-Q-1.RECINDEX_0.ATTEMPT_0,71036,NA
SEND_ANALOG_DOMICILE.IUN_KJGV-WDMG-ZMPA-202307-A-1.RECINDEX_0.ATTEMPT_0,47814,NA
SEND_ANALOG_DOMICILE.IUN_KJGV-WDMG-ZMPA-202307-A-1.RECINDEX_0.ATTEMPT_1,47814,NA
SEND_ANALOG_DOMICILE.IUN_RUTN-EPWX-GMKW-202307-R-1.RECINDEX_0.ATTEMPT_0,76017,NA
SEND_ANALOG_DOMICILE.IUN_HMPR-AXZR-TEQU-202307-M-1.RECINDEX_0.ATTEMPT_0,20153,NA
SEND_ANALOG_DOMICILE.IUN_PNEU-XMDZ-MXVN-202307-V-1.RECINDEX_0.ATTEMPT_0,25032,NA
SEND_ANALOG_DOMICILE.IUN_PNEU-XMDZ-MXVN-202307-V-1.RECINDEX_0.ATTEMPT_1,24050,NA
SEND_ANALOG_DOMICILE.IUN_NMXJ-AVZE-YNRJ-202307-J-1.RECINDEX_0.ATTEMPT_0,96017,NA
SEND_ANALOG_DOMICILE.IUN_MDZL-LQDJ-NAWK-202307-W-1.RECINDEX_0.ATTEMPT_0,10091,NA
SEND_ANALOG_DOMICILE.IUN_PYME-YVZM-ZQJH-202307-G-1.RECINDEX_0.ATTEMPT_0,20156,NA
SEND_ANALOG_DOMICILE.IUN_HRVE-JVHM-HVGU-202307-L-1.RECINDEX_0.ATTEMPT_0,12038,NA
SEND_ANALOG_DOMICILE.IUN_HRVE-JVHM-HVGU-202307-L-1.RECINDEX_0.ATTEMPT_1,12042,NA
SEND_ANALOG_DOMICILE.IUN_RYLW-ZRGZ-WMKG-202307-J-1.RECINDEX_0.ATTEMPT_0,16039,NA
SEND_ANALOG_DOMICILE.IUN_NWXP-MJPU-DJPX-202307-M-1.RECINDEX_0.ATTEMPT_0,15055,NA
SEND_ANALOG_DOMICILE.IUN_QKYD-ZNGM-WHVK-202307-E-1.RECINDEX_0.ATTEMPT_0,26859,NA
SEND_ANALOG_DOMICILE.IUN_EWTJ-WLJN-JLAW-202307-L-1.RECINDEX_0.ATTEMPT_0,10,NA
SEND_ANALOG_DOMICILE.IUN_RKZK-PEZX-MVZT-202307-R-1.RECINDEX_0.ATTEMPT_0,20146,NA
SEND_ANALOG_DOMICILE.IUN_YWUQ-URXN-LDVR-202307-R-1.RECINDEX_0.ATTEMPT_0,47923,NA
SEND_ANALOG_DOMICILE.IUN_EVHM-HGWP-PGMG-202307-R-1.RECINDEX_0.ATTEMPT_0,35045,NA
SEND_ANALOG_DOMICILE.IUN_MDZM-WKDV-NYRJ-202307-H-1.RECINDEX_0.ATTEMPT_0,25020,NA
SEND_ANALOG_DOMICILE.IUN_MDZM-WKDV-NYRJ-202307-H-1.RECINDEX_0.ATTEMPT_1,NA,FRANCIA
SEND_ANALOG_DOMICILE.IUN_MQPY-JPQE-ATNG-202307-K-1.RECINDEX_0.ATTEMPT_0,80013,NA
SEND_ANALOG_DOMICILE.IUN_NKGP-TLXA-ZAUN-202307-T-1.RECINDEX_0.ATTEMPT_0,47838,NA
SEND_ANALOG_DOMICILE.IUN_WHRP-RNLJ-PGYZ-202307-Q-1.RECINDEX_0.ATTEMPT_0,80014,NA
SEND_ANALOG_DOMICILE.IUN_ZUMN-THMR-DQEA-202307-L-1.RECINDEX_0.ATTEMPT_0,20080,NA
SEND_ANALOG_DOMICILE.IUN_QAEZ-AJQL-TMUX-202307-T-1.RECINDEX_0.ATTEMPT_0,42019,NA
SEND_ANALOG_DOMICILE.IUN_JNUJ-VKJK-PHXD-202307-G-1.RECINDEX_0.ATTEMPT_0,47923,NA
SEND_ANALOG_DOMICILE.IUN_KAYA-AEQV-KEKD-202307-T-1.RECINDEX_0.ATTEMPT_0,27047,NA
SEND_ANALOG_DOMICILE.IUN_KRZV-EZDK-ATWT-202307-M-1.RECINDEX_0.ATTEMPT_0,70010,NA
SEND_ANALOG_DOMICILE.IUN_ZVTA-KYME-HJDN-202307-K-1.RECINDEX_0.ATTEMPT_0,47922,NA
SEND_ANALOG_DOMICILE.IUN_ZQJQ-YZPW-RNXY-202307-Q-1.RECINDEX_0.ATTEMPT_0,168,NA
SEND_ANALOG_DOMICILE.IUN_GNVP-HPEW-DHEX-202307-Z-1.RECINDEX_0.ATTEMPT_0,35046,NA
SEND_ANALOG_DOMICILE.IUN_GXNX-ULKT-DYPL-202307-M-1.RECINDEX_0.ATTEMPT_0,153,NA
SEND_ANALOG_DOMICILE.IUN_GEWT-MDKJ-RAQW-202307-Z-1.RECINDEX_0.ATTEMPT_0,47837,NA
SEND_ANALOG_DOMICILE.IUN_JKZH-TGHE-JLPK-202307-P-1.RECINDEX_0.ATTEMPT_0,42124,NA
SEND_ANALOG_DOMICILE.IUN_WQXD-GMZW-NPWX-202307-N-1.RECINDEX_0.ATTEMPT_0,20835,NA
SEND_ANALOG_DOMICILE.IUN_ETDA-MZPQ-AEJR-202307-N-1.RECINDEX_0.ATTEMPT_0,47921,NA
SEND_ANALOG_DOMICILE.IUN_QHQE-TJGV-LVKG-202307-D-1.RECINDEX_0.ATTEMPT_0,27043,NA
SEND_ANALOG_DOMICILE.IUN_LVWD-RPRY-UWNY-202307-U-1.RECINDEX_0.ATTEMPT_0,96017,NA
SEND_ANALOG_DOMICILE.IUN_YKVD-YDQD-DYTH-202307-T-1.RECINDEX_0.ATTEMPT_0,20152,NA
SEND_ANALOG_DOMICILE.IUN_YKVD-YDQD-DYTH-202307-T-1.RECINDEX_0.ATTEMPT_1,20152,NA
SEND_ANALOG_DOMICILE.IUN_WVJN-LNUX-HXLW-202307-E-1.RECINDEX_0.ATTEMPT_0,20132,NA
SEND_ANALOG_DOMICILE.IUN_ZQYX-VWMZ-ULWD-202307-L-1.RECINDEX_0.ATTEMPT_0,52045,NA
SEND_ANALOG_DOMICILE.IUN_DJDV-UMHY-ZNMV-202307-G-1.RECINDEX_0.ATTEMPT_0,72014,NA
SEND_ANALOG_DOMICILE.IUN_AVMU-TREG-ANWX-202307-V-1.RECINDEX_0.ATTEMPT_0,35040,NA
SEND_ANALOG_DOMICILE.IUN_DUQT-HWNY-DEXE-202307-U-1.RECINDEX_0.ATTEMPT_0,35040,NA
SEND_ANALOG_DOMICILE.IUN_KLVZ-TAYK-KVPT-202307-U-1.RECINDEX_0.ATTEMPT_0,22076,NA
SEND_ANALOG_DOMICILE.IUN_KLVZ-TAYK-KVPT-202307-U-1.RECINDEX_0.ATTEMPT_1,22078,NA
SEND_ANALOG_DOMICILE.IUN_EVME-XQNT-WLQN-202307-K-1.RECINDEX_0.ATTEMPT_0,47838,NA
SEND_ANALOG_DOMICILE.IUN_ATHU-XYJX-LQZY-202307-N-1.RECINDEX_0.ATTEMPT_0,87064,NA
SEND_ANALOG_DOMICILE.IUN_KQDL-KXNQ-DPUH-202307-G-1.RECINDEX_0.ATTEMPT_0,47838,NA
SEND_ANALOG_DOMICILE.IUN_MXQN-RVJG-PYXD-202307-R-1.RECINDEX_0.ATTEMPT_0,47924,NA
SEND_ANALOG_DOMICILE.IUN_ZLJU-DXMY-MQZU-202307-L-1.RECINDEX_0.ATTEMPT_0,74028,NA
SEND_ANALOG_DOMICILE.IUN_GZGL-ZMEG-PWLM-202307-Q-1.RECINDEX_0.ATTEMPT_0,47921,NA
SEND_ANALOG_DOMICILE.IUN_NDKD-TPXE-UXJX-202307-Y-1.RECINDEX_0.ATTEMPT_0,20089,NA
SEND_ANALOG_DOMICILE.IUN_NDKD-TPXE-UXJX-202307-Y-1.RECINDEX_0.ATTEMPT_1,20089,NA
SEND_ANALOG_DOMICILE.IUN_MQZL-QAYP-KUGW-202307-N-1.RECINDEX_0.ATTEMPT_0,7021,NA
SEND_ANALOG_DOMICILE.IUN_LAMV-QNDJ-JDWR-202307-W-1.RECINDEX_0.ATTEMPT_0,27043,NA
SEND_ANALOG_DOMICILE.IUN_KAXP-PKZA-PXGA-202307-H-1.RECINDEX_0.ATTEMPT_0,20126,NA
SEND_ANALOG_DOMICILE.IUN_AJMP-XJMR-PLAD-202307-N-1.RECINDEX_0.ATTEMPT_0,47924,NA
SEND_ANALOG_DOMICILE.IUN_UXAX-GHAY-KATH-202307-E-1.RECINDEX_0.ATTEMPT_0,27046,NA
SEND_ANALOG_DOMICILE.IUN_TZNE-AZEY-GLMU-202307-A-1.RECINDEX_0.ATTEMPT_0,20089,NA
SEND_ANALOG_DOMICILE.IUN_XZRK-YUTN-JXDX-202307-U-1.RECINDEX_0.ATTEMPT_0,61039,NA
SEND_ANALOG_DOMICILE.IUN_TWAM-MUWY-ERVG-202307-Q-1.RECINDEX_0.ATTEMPT_0,20138,NA
SEND_ANALOG_DOMICILE.IUN_DAZX-ZTKP-AGAV-202307-N-1.RECINDEX_0.ATTEMPT_0,20832,NA
SEND_ANALOG_DOMICILE.IUN_HYLD-LAZX-JPXK-202307-X-1.RECINDEX_0.ATTEMPT_0,47921,NA
SEND_ANALOG_DOMICILE.IUN_VHGU-YAWP-ETVT-202307-N-1.RECINDEX_0.ATTEMPT_0,47814,NA
SEND_ANALOG_DOMICILE.IUN_JLTK-TRTP-PXTD-202307-K-1.RECINDEX_0.ATTEMPT_0,26025,NA
SEND_ANALOG_DOMICILE.IUN_KJKH-XWQR-MNAU-202307-U-1.RECINDEX_0.ATTEMPT_0,20145,NA
SEND_ANALOG_DOMICILE.IUN_KJKH-XWQR-MNAU-202307-U-1.RECINDEX_0.ATTEMPT_1,20145,NA
SEND_ANALOG_DOMICILE.IUN_RKAQ-UWKY-UPZJ-202307-X-1.RECINDEX_0.ATTEMPT_0,35040,NA
SEND_ANALOG_DOMICILE.IUN_QVDV-QUNR-EULE-202307-Z-1.RECINDEX_0.ATTEMPT_0,80041,NA
SEND_ANALOG_DOMICILE.IUN_UTNE-HZUD-HVJN-202307-V-1.RECINDEX_0.ATTEMPT_0,96010,NA
SEND_ANALOG_DOMICILE.IUN_JAPT-QZTE-DHWK-202307-K-1.RECINDEX_0.ATTEMPT_0,20831,NA
SEND_ANALOG_DOMICILE.IUN_RALP-DXMT-PKRY-202307-A-1.RECINDEX_0.ATTEMPT_0,47924,NA
SEND_ANALOG_DOMICILE.IUN_ZDAE-VZAX-HKMX-202307-U-1.RECINDEX_0.ATTEMPT_0,22063,NA
SEND_ANALOG_DOMICILE.IUN_ZRLZ-NVRX-QHRJ-202307-M-1.RECINDEX_0.ATTEMPT_0,35020,NA
SEND_ANALOG_DOMICILE.IUN_PLKJ-ADNE-ZMZE-202307-U-1.RECINDEX_0.ATTEMPT_0,7021,NA
SEND_ANALOG_DOMICILE.IUN_JWHZ-KWZV-HYHK-202307-Y-1.RECINDEX_0.ATTEMPT_0,96017,NA
SEND_ANALOG_DOMICILE.IUN_YHLJ-PRAU-HKAG-202307-N-1.RECINDEX_0.ATTEMPT_0,96017,NA
SEND_ANALOG_DOMICILE.IUN_QKNL-VQUD-GAUZ-202307-W-1.RECINDEX_0.ATTEMPT_0,47921,NA
SEND_ANALOG_DOMICILE.IUN_XZDV-TZGU-KAWQ-202307-A-1.RECINDEX_0.ATTEMPT_0,47923,NA
SEND_ANALOG_DOMICILE.IUN_ZVNL-NGQR-NVJQ-202307-Q-1.RECINDEX_0.ATTEMPT_0,35040,NA
SEND_ANALOG_DOMICILE.IUN_HMXR-VTDT-AJTQ-202307-Y-1.RECINDEX_0.ATTEMPT_0,98145,NA
SEND_ANALOG_DOMICILE.IUN_MQZX-KQNR-HXJA-202307-J-1.RECINDEX_0.ATTEMPT_0,26020,NA
SEND_ANALOG_DOMICILE.IUN_MQZX-KQNR-HXJA-202307-J-1.RECINDEX_0.ATTEMPT_1,23769,GERMANIA
SEND_ANALOG_DOMICILE.IUN_GHKQ-GKNW-VTHA-202307-W-1.RECINDEX_0.ATTEMPT_0,47924,NA
SEND_ANALOG_DOMICILE.IUN_KNUP-LUAU-WAGY-202307-X-1.RECINDEX_0.ATTEMPT_0,20080,NA
SEND_ANALOG_DOMICILE.IUN_KNUP-LUAU-WAGY-202307-X-1.RECINDEX_0.ATTEMPT_1,NA,EMIRATI ARABI UNITI
SEND_ANALOG_DOMICILE.IUN_PAYA-KXWL-GWKP-202307-V-1.RECINDEX_0.ATTEMPT_0,7010,NA
SEND_ANALOG_DOMICILE.IUN_UQTW-HLQW-EDZQ-202309-T-1.RECINDEX_0.ATTEMPT_0,9021,ITALIA
SEND_ANALOG_DOMICILE.IUN_MPWR-TZWN-TGPA-202307-V-1.RECINDEX_0.ATTEMPT_0,96017,NA
SEND_ANALOG_DOMICILE.IUN_WYUP-NKPG-NMGL-202307-Z-1.RECINDEX_0.ATTEMPT_0,29016,NA
SEND_ANALOG_DOMICILE.IUN_WYUP-NKPG-NMGL-202307-Z-1.RECINDEX_0.ATTEMPT_1,49800,FRANCIA
SEND_ANALOG_DOMICILE.IUN_VLWY-XZHD-UXNZ-202307-E-1.RECINDEX_0.ATTEMPT_0,22072,NA
SEND_ANALOG_DOMICILE.IUN_UTXH-REAU-YNJD-202307-V-1.RECINDEX_0.ATTEMPT_0,46023,NA
SEND_ANALOG_DOMICILE.IUN_WTAU-EYNM-QXMR-202307-U-1.RECINDEX_0.ATTEMPT_0,45036,NA
SEND_ANALOG_DOMICILE.IUN_WKHK-YNAE-LDVH-202307-U-1.RECINDEX_0.ATTEMPT_0,21010,NA
SEND_ANALOG_DOMICILE.IUN_ADQG-KXWH-RDZN-202307-J-1.RECINDEX_0.ATTEMPT_0,47921,NA
SEND_ANALOG_DOMICILE.IUN_MAKH-JEKZ-GHMH-202307-V-1.RECINDEX_0.ATTEMPT_0,47923,NA
SEND_ANALOG_DOMICILE.IUN_KRVL-JUQW-JKGY-202307-H-1.RECINDEX_0.ATTEMPT_0,25018,NA
SEND_ANALOG_DOMICILE.IUN_EZQE-MEHY-EPXQ-202307-R-1.RECINDEX_0.ATTEMPT_0,47855,NA
SEND_ANALOG_DOMICILE.IUN_RJAZ-EUZR-DZQJ-202307-J-1.RECINDEX_0.ATTEMPT_0,47924,NA
SEND_ANALOG_DOMICILE.IUN_UXQY-JNKQ-MJHR-202307-K-1.RECINDEX_0.ATTEMPT_0,35040,NA
SEND_ANALOG_DOMICILE.IUN_LHXZ-VQDT-EMPQ-202307-H-1.RECINDEX_0.ATTEMPT_0,20089,NA
SEND_ANALOG_DOMICILE.IUN_RAYL-GRXL-PYWX-202307-G-1.RECINDEX_0.ATTEMPT_0,20158,NA
SEND_ANALOG_DOMICILE.IUN_RPDA-XKAG-TAJQ-202307-H-1.RECINDEX_0.ATTEMPT_0,25128,NA
SEND_ANALOG_DOMICILE.IUN_YZTR-AQAT-LNQH-202308-H-1.RECINDEX_0.ATTEMPT_0,13045,ITALIA
SEND_ANALOG_DOMICILE.IUN_TAVE-EGHR-XJGU-202307-W-1.RECINDEX_0.ATTEMPT_0,71016,NA
SEND_ANALOG_DOMICILE.IUN_YHAD-KGXK-EGMH-202307-Y-1.RECINDEX_0.ATTEMPT_0,20089,NA
